time,device_id,location,temperature,humidity,status,warning_reason
2026-06-09 13:39:12,ESP32-ROOM-001,信工学院楼B024,32.68,60.83,Warning,温度过高
2026-06-09 13:39:12,ESP32-ROOM-002,信工学院楼B205,31.95,63.13,Normal,无异常
2026-06-09 13:39:17,ESP32-ROOM-001,信工学院楼B024,28.66,57.58,Normal,无异常
2026-06-09 13:39:17,ESP32-ROOM-002,信工学院楼B205,28.92,73.62,Normal,无异常
2026-06-09 13:39:22,ESP32-ROOM-001,信工学院楼B024,32.64,55.24,Warning,温度过高
2026-06-09 13:39:22,ESP32-ROOM-002,信工学院楼B205,35.39,67.82,Warning,温度过高
2026-06-09 13:39:27,ESP32-ROOM-001,信工学院楼B024,31.54,60.34,Warning,温度过高
2026-06-09 13:39:27,ESP32-ROOM-002,信工学院楼B205,31.76,63.85,Normal,无异常
2026-06-09 13:39:32,ESP32-ROOM-001,信工学院楼B024,28.96,59.4,Normal,无异常
2026-06-09 13:39:32,ESP32-ROOM-002,信工学院楼B205,37.54,64.11,Warning,温度过高
2026-06-09 13:39:37,ESP32-ROOM-001,信工学院楼B024,29.6,61.95,Normal,无异常
2026-06-09 13:39:37,ESP32-ROOM-002,信工学院楼B205,36.07,68.57,Warning,温度过高
2026-06-09 13:45:00,ESP32-ROOM-001,信工学院楼B024,28.83,62.6,Normal,无异常
2026-06-09 13:45:00,ESP32-ROOM-002,信工学院楼B205,34.27,75.81,Warning,湿度过高
2026-06-09 13:45:05,ESP32-ROOM-001,信工学院楼B024,26.72,73.2,Warning,湿度过高
2026-06-09 13:45:05,ESP32-ROOM-002,信工学院楼B205,35.27,75.82,Warning,温度过高、湿度过高
2026-06-09 13:45:10,ESP32-ROOM-001,信工学院楼B024,29.99,62.44,Normal,无异常
2026-06-09 13:45:10,ESP32-ROOM-002,信工学院楼B205,32.36,62.87,Normal,无异常
2026-06-09 13:45:15,ESP32-ROOM-001,信工学院楼B024,28.18,59.5,Normal,无异常
2026-06-09 13:45:15,ESP32-ROOM-002,信工学院楼B205,29.74,63.53,Normal,无异常
2026-06-09 13:45:20,ESP32-ROOM-001,信工学院楼B024,29.97,57.57,Normal,无异常
2026-06-09 13:45:20,ESP32-ROOM-002,信工学院楼B205,28.25,67.05,Normal,无异常
2026-06-09 13:45:25,ESP32-ROOM-001,信工学院楼B024,30.14,68.77,Warning,温度过高
2026-06-09 13:45:25,ESP32-ROOM-002,信工学院楼B205,35.77,63.92,Warning,温度过高
2026-06-09 13:45:30,ESP32-ROOM-001,信工学院楼B024,30.49,59.46,Warning,温度过高
2026-06-09 13:45:30,ESP32-ROOM-002,信工学院楼B205,31.67,79.1,Warning,湿度过高
2026-06-09 13:45:35,ESP32-ROOM-001,信工学院楼B024,31.59,74.59,Warning,温度过高、湿度过高
2026-06-09 13:45:35,ESP32-ROOM-002,信工学院楼B205,37.99,75.41,Warning,温度过高、湿度过高
2026-06-09 13:45:40,ESP32-ROOM-001,信工学院楼B024,30.89,56.45,Warning,温度过高
2026-06-09 13:45:40,ESP32-ROOM-002,信工学院楼B205,37.98,75.42,Warning,温度过高、湿度过高
2026-06-09 13:45:45,ESP32-ROOM-001,信工学院楼B024,26.2,70.76,Warning,湿度过高
2026-06-09 13:45:45,ESP32-ROOM-002,信工学院楼B205,34.87,75.29,Warning,湿度过高
2026-06-09 13:45:50,ESP32-ROOM-001,信工学院楼B024,32.14,63.3,Warning,温度过高
2026-06-09 13:45:50,ESP32-ROOM-002,信工学院楼B205,37.15,63.3,Warning,温度过高
2026-06-09 13:45:55,ESP32-ROOM-001,信工学院楼B024,31.35,70.81,Warning,温度过高、湿度过高
2026-06-09 13:45:55,ESP32-ROOM-002,信工学院楼B205,34.72,77.45,Warning,湿度过高
2026-06-09 13:46:00,ESP32-ROOM-001,信工学院楼B024,32.58,64.19,Warning,温度过高
2026-06-09 13:46:00,ESP32-ROOM-002,信工学院楼B205,35.6,60.11,Warning,温度过高
2026-06-09 13:46:05,ESP32-ROOM-001,信工学院楼B024,32.85,63.09,Warning,温度过高
2026-06-09 13:46:05,ESP32-ROOM-002,信工学院楼B205,36.95,68.72,Warning,温度过高
2026-06-09 13:46:10,ESP32-ROOM-001,信工学院楼B024,32.35,64.32,Warning,温度过高
2026-06-09 13:46:10,ESP32-ROOM-002,信工学院楼B205,32.29,73.27,Normal,无异常
2026-06-09 13:46:15,ESP32-ROOM-001,信工学院楼B024,32.45,61.68,Warning,温度过高
2026-06-09 13:46:15,ESP32-ROOM-002,信工学院楼B205,32.8,73.57,Normal,无异常
2026-06-09 13:46:20,ESP32-ROOM-001,信工学院楼B024,28.23,60.58,Normal,无异常
2026-06-09 13:46:20,ESP32-ROOM-002,信工学院楼B205,36.93,67.96,Warning,温度过高
2026-06-09 13:46:25,ESP32-ROOM-001,信工学院楼B024,27.41,63.42,Normal,无异常
2026-06-09 13:46:25,ESP32-ROOM-002,信工学院楼B205,37.75,64.63,Warning,温度过高
2026-06-09 13:46:30,ESP32-ROOM-001,信工学院楼B024,26.78,59.06,Normal,无异常
2026-06-09 13:46:30,ESP32-ROOM-002,信工学院楼B205,33.1,79.23,Warning,湿度过高
2026-06-09 13:46:35,ESP32-ROOM-001,信工学院楼B024,31.37,57.19,Warning,温度过高
2026-06-09 13:46:35,ESP32-ROOM-002,信工学院楼B205,29.28,72.57,Normal,无异常
2026-06-09 13:46:40,ESP32-ROOM-001,信工学院楼B024,28.71,71.48,Warning,湿度过高
2026-06-09 13:46:40,ESP32-ROOM-002,信工学院楼B205,30.32,73.22,Normal,无异常
2026-06-09 13:46:45,ESP32-ROOM-001,信工学院楼B024,31.28,57.66,Warning,温度过高
2026-06-09 13:46:45,ESP32-ROOM-002,信工学院楼B205,31.88,78.49,Warning,湿度过高
2026-06-09 13:46:50,ESP32-ROOM-001,信工学院楼B024,29.13,66.68,Normal,无异常
2026-06-09 13:46:50,ESP32-ROOM-002,信工学院楼B205,29.11,70.13,Normal,无异常
2026-06-09 13:46:55,ESP32-ROOM-001,信工学院楼B024,29.87,62.06,Normal,无异常
2026-06-09 13:46:55,ESP32-ROOM-002,信工学院楼B205,37.96,68.99,Warning,温度过高
2026-06-09 13:47:00,ESP32-ROOM-001,信工学院楼B024,28.68,59.69,Normal,无异常
2026-06-09 13:47:00,ESP32-ROOM-002,信工学院楼B205,28.22,74.2,Normal,无异常
2026-06-09 13:47:05,ESP32-ROOM-001,信工学院楼B024,29.63,60.81,Normal,无异常
2026-06-09 13:47:05,ESP32-ROOM-002,信工学院楼B205,30.26,62.89,Normal,无异常
2026-06-09 13:47:10,ESP32-ROOM-001,信工学院楼B024,30.95,70.4,Warning,温度过高、湿度过高
2026-06-09 13:47:10,ESP32-ROOM-002,信工学院楼B205,30.33,78.67,Warning,湿度过高
2026-06-09 13:47:15,ESP32-ROOM-001,信工学院楼B024,30.09,59.24,Warning,温度过高
2026-06-09 13:47:15,ESP32-ROOM-002,信工学院楼B205,28.41,78.56,Warning,湿度过高
2026-06-09 13:47:20,ESP32-ROOM-001,信工学院楼B024,31.26,62.88,Warning,温度过高
2026-06-09 13:47:20,ESP32-ROOM-002,信工学院楼B205,33.0,71.27,Normal,无异常
2026-06-09 13:47:25,ESP32-ROOM-001,信工学院楼B024,30.22,61.71,Warning,温度过高
2026-06-09 13:47:25,ESP32-ROOM-002,信工学院楼B205,31.31,75.65,Warning,湿度过高
2026-06-09 13:47:30,ESP32-ROOM-001,信工学院楼B024,26.5,70.49,Warning,湿度过高
2026-06-09 13:47:30,ESP32-ROOM-002,信工学院楼B205,28.37,73.04,Normal,无异常
2026-06-09 13:47:35,ESP32-ROOM-001,信工学院楼B024,27.51,74.83,Warning,湿度过高
2026-06-09 13:47:35,ESP32-ROOM-002,信工学院楼B205,31.37,61.85,Normal,无异常
2026-06-09 13:47:40,ESP32-ROOM-001,信工学院楼B024,29.93,68.79,Normal,无异常
2026-06-09 13:47:40,ESP32-ROOM-002,信工学院楼B205,33.86,78.95,Warning,湿度过高
2026-06-09 13:47:45,ESP32-ROOM-001,信工学院楼B024,28.82,63.08,Normal,无异常
2026-06-09 13:47:45,ESP32-ROOM-002,信工学院楼B205,36.2,73.36,Warning,温度过高
2026-06-09 13:47:50,ESP32-ROOM-001,信工学院楼B024,26.78,65.51,Normal,无异常
2026-06-09 13:47:50,ESP32-ROOM-002,信工学院楼B205,36.61,71.29,Warning,温度过高
2026-06-09 13:47:55,ESP32-ROOM-001,信工学院楼B024,32.77,58.21,Warning,温度过高
2026-06-09 13:47:55,ESP32-ROOM-002,信工学院楼B205,31.04,73.84,Normal,无异常
2026-06-09 13:48:00,ESP32-ROOM-001,信工学院楼B024,31.23,70.11,Warning,温度过高、湿度过高
2026-06-09 13:48:00,ESP32-ROOM-002,信工学院楼B205,36.5,68.12,Warning,温度过高
2026-06-09 13:48:05,ESP32-ROOM-001,信工学院楼B024,28.55,62.19,Normal,无异常
2026-06-09 13:48:05,ESP32-ROOM-002,信工学院楼B205,32.79,78.72,Warning,湿度过高
2026-06-09 13:48:10,ESP32-ROOM-001,信工学院楼B024,29.24,62.9,Normal,无异常
2026-06-09 13:48:10,ESP32-ROOM-002,信工学院楼B205,37.93,79.1,Warning,温度过高、湿度过高
2026-06-09 13:48:15,ESP32-ROOM-001,信工学院楼B024,28.65,64.26,Normal,无异常
2026-06-09 13:48:15,ESP32-ROOM-002,信工学院楼B205,37.9,76.4,Warning,温度过高、湿度过高
2026-06-09 13:48:20,ESP32-ROOM-001,信工学院楼B024,27.12,68.82,Normal,无异常
2026-06-09 13:48:20,ESP32-ROOM-002,信工学院楼B205,37.58,79.31,Warning,温度过高、湿度过高
2026-06-09 13:48:25,ESP32-ROOM-001,信工学院楼B024,29.88,61.83,Normal,无异常
2026-06-09 13:48:25,ESP32-ROOM-002,信工学院楼B205,28.84,65.0,Normal,无异常
2026-06-09 13:48:30,ESP32-ROOM-001,信工学院楼B024,32.57,72.39,Warning,温度过高、湿度过高
2026-06-09 13:48:30,ESP32-ROOM-002,信工学院楼B205,29.39,79.48,Warning,湿度过高
2026-06-09 13:48:35,ESP32-ROOM-001,信工学院楼B024,29.69,58.72,Normal,无异常
2026-06-09 13:48:35,ESP32-ROOM-002,信工学院楼B205,28.08,65.12,Normal,无异常
2026-06-09 13:48:40,ESP32-ROOM-001,信工学院楼B024,26.23,59.28,Normal,无异常
2026-06-09 13:48:40,ESP32-ROOM-002,信工学院楼B205,28.13,61.19,Normal,无异常
2026-06-09 13:48:45,ESP32-ROOM-001,信工学院楼B024,31.69,65.39,Warning,温度过高
2026-06-09 13:48:45,ESP32-ROOM-002,信工学院楼B205,37.92,66.96,Warning,温度过高
2026-06-09 13:48:50,ESP32-ROOM-001,信工学院楼B024,30.83,60.61,Warning,温度过高
2026-06-09 13:48:50,ESP32-ROOM-002,信工学院楼B205,29.72,64.9,Normal,无异常
2026-06-09 13:48:55,ESP32-ROOM-001,信工学院楼B024,26.71,68.4,Normal,无异常
2026-06-09 13:48:55,ESP32-ROOM-002,信工学院楼B205,37.78,69.19,Warning,温度过高
2026-06-09 13:49:00,ESP32-ROOM-001,信工学院楼B024,27.49,65.64,Normal,无异常
2026-06-09 13:49:00,ESP32-ROOM-002,信工学院楼B205,36.91,68.82,Warning,温度过高
2026-06-09 13:49:05,ESP32-ROOM-001,信工学院楼B024,32.52,72.48,Warning,温度过高、湿度过高
2026-06-09 13:49:05,ESP32-ROOM-002,信工学院楼B205,33.65,79.12,Warning,湿度过高
2026-06-09 13:49:10,ESP32-ROOM-001,信工学院楼B024,26.02,66.61,Normal,无异常
2026-06-09 13:49:10,ESP32-ROOM-002,信工学院楼B205,31.49,66.62,Normal,无异常
2026-06-09 13:49:15,ESP32-ROOM-001,信工学院楼B024,30.69,59.83,Warning,温度过高
2026-06-09 13:49:15,ESP32-ROOM-002,信工学院楼B205,28.57,68.41,Normal,无异常
2026-06-09 13:49:21,ESP32-ROOM-001,信工学院楼B024,32.65,68.28,Warning,温度过高
2026-06-09 13:49:21,ESP32-ROOM-002,信工学院楼B205,30.43,70.92,Normal,无异常
2026-06-09 13:49:26,ESP32-ROOM-001,信工学院楼B024,29.79,63.53,Normal,无异常
2026-06-09 13:49:26,ESP32-ROOM-002,信工学院楼B205,34.34,79.32,Warning,湿度过高
2026-06-09 13:49:31,ESP32-ROOM-001,信工学院楼B024,32.56,64.22,Warning,温度过高
2026-06-09 13:49:31,ESP32-ROOM-002,信工学院楼B205,28.18,74.3,Normal,无异常
2026-06-09 13:49:36,ESP32-ROOM-001,信工学院楼B024,26.42,74.22,Warning,湿度过高
2026-06-09 13:49:36,ESP32-ROOM-002,信工学院楼B205,36.18,62.16,Warning,温度过高
2026-06-09 13:49:41,ESP32-ROOM-001,信工学院楼B024,28.79,60.73,Normal,无异常
2026-06-09 13:49:41,ESP32-ROOM-002,信工学院楼B205,35.87,73.05,Warning,温度过高
2026-06-09 13:49:46,ESP32-ROOM-001,信工学院楼B024,31.33,68.34,Warning,温度过高
2026-06-09 13:49:46,ESP32-ROOM-002,信工学院楼B205,33.94,63.32,Normal,无异常
2026-06-09 13:49:51,ESP32-ROOM-001,信工学院楼B024,28.03,57.4,Normal,无异常
2026-06-09 13:49:51,ESP32-ROOM-002,信工学院楼B205,37.27,72.36,Warning,温度过高
2026-06-09 13:49:56,ESP32-ROOM-001,信工学院楼B024,28.04,64.78,Normal,无异常
2026-06-09 13:49:56,ESP32-ROOM-002,信工学院楼B205,37.28,73.58,Warning,温度过高
2026-06-09 13:50:01,ESP32-ROOM-001,信工学院楼B024,30.42,68.39,Warning,温度过高
2026-06-09 13:50:01,ESP32-ROOM-002,信工学院楼B205,31.51,78.56,Warning,湿度过高
2026-06-09 13:50:06,ESP32-ROOM-001,信工学院楼B024,26.36,71.38,Warning,湿度过高
2026-06-09 13:50:06,ESP32-ROOM-002,信工学院楼B205,37.04,78.81,Warning,温度过高、湿度过高
2026-06-09 13:50:11,ESP32-ROOM-001,信工学院楼B024,27.02,60.06,Normal,无异常
2026-06-09 13:50:11,ESP32-ROOM-002,信工学院楼B205,30.61,70.82,Normal,无异常
2026-06-09 13:50:16,ESP32-ROOM-001,信工学院楼B024,27.85,65.24,Normal,无异常
2026-06-09 13:50:16,ESP32-ROOM-002,信工学院楼B205,36.53,68.92,Warning,温度过高
2026-06-09 13:50:21,ESP32-ROOM-001,信工学院楼B024,31.22,68.57,Warning,温度过高
2026-06-09 13:50:21,ESP32-ROOM-002,信工学院楼B205,36.53,73.97,Warning,温度过高
2026-06-09 13:50:26,ESP32-ROOM-001,信工学院楼B024,26.22,70.94,Warning,湿度过高
2026-06-09 13:50:26,ESP32-ROOM-002,信工学院楼B205,34.97,63.15,Normal,无异常
2026-06-09 13:50:31,ESP32-ROOM-001,信工学院楼B024,28.42,60.05,Normal,无异常
2026-06-09 13:50:31,ESP32-ROOM-002,信工学院楼B205,32.69,68.29,Normal,无异常
2026-06-09 13:50:36,ESP32-ROOM-001,信工学院楼B024,26.2,56.08,Normal,无异常
2026-06-09 13:50:36,ESP32-ROOM-002,信工学院楼B205,32.63,71.84,Normal,无异常
2026-06-09 13:50:41,ESP32-ROOM-001,信工学院楼B024,28.47,69.51,Normal,无异常
2026-06-09 13:50:41,ESP32-ROOM-002,信工学院楼B205,35.37,68.99,Warning,温度过高
2026-06-09 13:50:46,ESP32-ROOM-001,信工学院楼B024,26.38,69.52,Normal,无异常
2026-06-09 13:50:46,ESP32-ROOM-002,信工学院楼B205,37.73,66.1,Warning,温度过高
2026-06-09 13:50:51,ESP32-ROOM-001,信工学院楼B024,31.59,60.51,Warning,温度过高
2026-06-09 13:50:51,ESP32-ROOM-002,信工学院楼B205,30.12,78.82,Warning,湿度过高
2026-06-09 13:50:56,ESP32-ROOM-001,信工学院楼B024,32.16,55.5,Warning,温度过高
2026-06-09 13:50:56,ESP32-ROOM-002,信工学院楼B205,37.13,69.45,Warning,温度过高
2026-06-09 13:51:01,ESP32-ROOM-001,信工学院楼B024,29.7,64.17,Normal,无异常
2026-06-09 13:51:01,ESP32-ROOM-002,信工学院楼B205,35.13,65.12,Warning,温度过高
2026-06-09 13:51:06,ESP32-ROOM-001,信工学院楼B024,29.48,71.45,Warning,湿度过高
2026-06-09 13:51:06,ESP32-ROOM-002,信工学院楼B205,30.36,69.56,Normal,无异常
2026-06-09 13:51:11,ESP32-ROOM-001,信工学院楼B024,27.27,56.67,Normal,无异常
2026-06-09 13:51:11,ESP32-ROOM-002,信工学院楼B205,33.95,68.35,Normal,无异常
2026-06-09 13:51:16,ESP32-ROOM-001,信工学院楼B024,29.12,71.47,Warning,湿度过高
2026-06-09 13:51:16,ESP32-ROOM-002,信工学院楼B205,30.93,65.34,Normal,无异常
2026-06-09 13:51:21,ESP32-ROOM-001,信工学院楼B024,30.8,67.63,Warning,温度过高
2026-06-09 13:51:21,ESP32-ROOM-002,信工学院楼B205,34.68,72.68,Normal,无异常
2026-06-09 13:51:26,ESP32-ROOM-001,信工学院楼B024,28.55,60.24,Normal,无异常
2026-06-09 13:51:26,ESP32-ROOM-002,信工学院楼B205,37.81,70.41,Warning,温度过高
2026-06-09 13:51:31,ESP32-ROOM-001,信工学院楼B024,30.1,64.17,Warning,温度过高
2026-06-09 13:51:31,ESP32-ROOM-002,信工学院楼B205,28.2,66.26,Normal,无异常
2026-06-09 13:51:36,ESP32-ROOM-001,信工学院楼B024,30.05,73.89,Warning,温度过高、湿度过高
2026-06-09 13:51:36,ESP32-ROOM-002,信工学院楼B205,37.81,77.56,Warning,温度过高、湿度过高
2026-06-09 13:51:41,ESP32-ROOM-001,信工学院楼B024,32.74,67.66,Warning,温度过高
2026-06-09 13:51:41,ESP32-ROOM-002,信工学院楼B205,33.16,64.19,Normal,无异常
2026-06-09 13:51:46,ESP32-ROOM-001,信工学院楼B024,27.15,55.55,Normal,无异常
2026-06-09 13:51:46,ESP32-ROOM-002,信工学院楼B205,34.65,77.85,Warning,湿度过高
2026-06-09 13:51:51,ESP32-ROOM-001,信工学院楼B024,32.51,55.13,Warning,温度过高
2026-06-09 13:51:51,ESP32-ROOM-002,信工学院楼B205,35.72,68.21,Warning,温度过高
2026-06-09 13:51:56,ESP32-ROOM-001,信工学院楼B024,27.28,67.07,Normal,无异常
2026-06-09 13:51:56,ESP32-ROOM-002,信工学院楼B205,33.11,73.89,Normal,无异常
2026-06-09 13:52:01,ESP32-ROOM-001,信工学院楼B024,31.24,60.54,Warning,温度过高
2026-06-09 13:52:01,ESP32-ROOM-002,信工学院楼B205,37.95,78.63,Warning,温度过高、湿度过高
2026-06-09 13:52:06,ESP32-ROOM-001,信工学院楼B024,32.5,59.08,Warning,温度过高
2026-06-09 13:52:06,ESP32-ROOM-002,信工学院楼B205,32.28,72.98,Normal,无异常
2026-06-09 13:52:11,ESP32-ROOM-001,信工学院楼B024,29.58,67.44,Normal,无异常
2026-06-09 13:52:11,ESP32-ROOM-002,信工学院楼B205,31.99,62.97,Normal,无异常
2026-06-09 13:52:16,ESP32-ROOM-001,信工学院楼B024,32.42,71.19,Warning,温度过高、湿度过高
2026-06-09 13:52:16,ESP32-ROOM-002,信工学院楼B205,29.28,76.43,Warning,湿度过高
2026-06-09 13:52:21,ESP32-ROOM-001,信工学院楼B024,28.85,69.48,Normal,无异常
2026-06-09 13:52:21,ESP32-ROOM-002,信工学院楼B205,32.92,65.04,Normal,无异常
2026-06-09 13:52:26,ESP32-ROOM-001,信工学院楼B024,29.95,67.23,Normal,无异常
2026-06-09 13:52:26,ESP32-ROOM-002,信工学院楼B205,35.88,65.43,Warning,温度过高
2026-06-09 13:52:31,ESP32-ROOM-001,信工学院楼B024,30.17,66.08,Warning,温度过高
2026-06-09 13:52:31,ESP32-ROOM-002,信工学院楼B205,35.14,74.81,Warning,温度过高
2026-06-09 13:52:36,ESP32-ROOM-001,信工学院楼B024,26.36,57.8,Normal,无异常
2026-06-09 13:52:36,ESP32-ROOM-002,信工学院楼B205,35.83,67.27,Warning,温度过高
2026-06-09 13:52:41,ESP32-ROOM-001,信工学院楼B024,32.09,68.66,Warning,温度过高
2026-06-09 13:52:41,ESP32-ROOM-002,信工学院楼B205,28.73,63.82,Normal,无异常
2026-06-09 13:52:46,ESP32-ROOM-001,信工学院楼B024,28.55,60.1,Normal,无异常
2026-06-09 13:52:46,ESP32-ROOM-002,信工学院楼B205,37.97,76.88,Warning,温度过高、湿度过高
2026-06-09 13:52:51,ESP32-ROOM-001,信工学院楼B024,32.85,63.41,Warning,温度过高
2026-06-09 13:52:51,ESP32-ROOM-002,信工学院楼B205,31.66,70.61,Normal,无异常
2026-06-09 13:52:56,ESP32-ROOM-001,信工学院楼B024,30.33,66.43,Warning,温度过高
2026-06-09 13:52:56,ESP32-ROOM-002,信工学院楼B205,33.81,73.94,Normal,无异常
2026-06-09 13:53:01,ESP32-ROOM-001,信工学院楼B024,26.83,57.97,Normal,无异常
2026-06-09 13:53:01,ESP32-ROOM-002,信工学院楼B205,37.93,66.15,Warning,温度过高
2026-06-09 13:53:06,ESP32-ROOM-001,信工学院楼B024,31.23,74.01,Warning,温度过高、湿度过高
2026-06-09 13:53:06,ESP32-ROOM-002,信工学院楼B205,34.61,63.38,Normal,无异常
2026-06-09 13:53:11,ESP32-ROOM-001,信工学院楼B024,29.03,63.05,Normal,无异常
2026-06-09 13:53:11,ESP32-ROOM-002,信工学院楼B205,28.04,64.74,Normal,无异常
2026-06-09 13:53:17,ESP32-ROOM-001,信工学院楼B024,30.83,59.43,Warning,温度过高
2026-06-09 13:53:17,ESP32-ROOM-002,信工学院楼B205,34.81,73.04,Normal,无异常
2026-06-09 13:53:22,ESP32-ROOM-001,信工学院楼B024,32.0,61.98,Warning,温度过高
2026-06-09 13:53:22,ESP32-ROOM-002,信工学院楼B205,34.02,62.09,Normal,无异常
2026-06-09 13:53:27,ESP32-ROOM-001,信工学院楼B024,28.13,65.39,Normal,无异常
2026-06-09 13:53:27,ESP32-ROOM-002,信工学院楼B205,35.92,60.27,Warning,温度过高
2026-06-10 12:58:40,ESP32-ROOM-001,信工学院楼B024,27.3,51.0,Normal,无异常
2026-06-10 12:58:45,ESP32-ROOM-001,信工学院楼B024,27.2,51.0,Normal,无异常
2026-06-10 12:58:50,ESP32-ROOM-001,信工学院楼B024,27.5,51.0,Normal,无异常
2026-06-10 12:58:55,ESP32-ROOM-001,信工学院楼B024,27.8,51.0,Normal,无异常
2026-06-10 12:59:00,ESP32-ROOM-001,信工学院楼B024,27.7,51.0,Normal,无异常
2026-06-10 12:59:05,ESP32-ROOM-001,信工学院楼B024,27.9,50.0,Normal,无异常
2026-06-10 12:59:10,ESP32-ROOM-001,信工学院楼B024,27.2,50.0,Normal,无异常
2026-06-10 12:59:15,ESP32-ROOM-001,信工学院楼B024,27.2,51.0,Normal,无异常
2026-06-10 12:59:20,ESP32-ROOM-001,信工学院楼B024,27.6,51.0,Normal,无异常
2026-06-10 12:59:25,ESP32-ROOM-001,信工学院楼B024,27.6,54.0,Normal,无异常
2026-06-10 12:59:30,ESP32-ROOM-001,信工学院楼B024,28.8,68.0,Normal,无异常
2026-06-10 12:59:35,ESP32-ROOM-001,信工学院楼B024,28.9,74.0,Warning,湿度过高
2026-06-10 12:59:40,ESP32-ROOM-001,信工学院楼B024,28.6,66.0,Normal,无异常
2026-06-10 12:59:45,ESP32-ROOM-001,信工学院楼B024,28.1,59.0,Normal,无异常
2026-06-10 12:59:50,ESP32-ROOM-001,信工学院楼B024,28.2,55.0,Normal,无异常
2026-06-10 12:59:55,ESP32-ROOM-001,信工学院楼B024,28.9,53.0,Normal,无异常
2026-06-10 13:00:00,ESP32-ROOM-001,信工学院楼B024,28.1,51.0,Normal,无异常
2026-06-10 13:00:05,ESP32-ROOM-001,信工学院楼B024,28.9,51.0,Normal,无异常
2026-06-10 13:00:10,ESP32-ROOM-001,信工学院楼B024,28.3,50.0,Normal,无异常
2026-06-10 13:00:15,ESP32-ROOM-001,信工学院楼B024,28.7,50.0,Normal,无异常
2026-06-10 13:00:20,ESP32-ROOM-001,信工学院楼B024,28.7,50.0,Normal,无异常
2026-06-10 13:00:25,ESP32-ROOM-001,信工学院楼B024,28.3,50.0,Normal,无异常
2026-06-10 13:00:30,ESP32-ROOM-001,信工学院楼B024,28.6,50.0,Normal,无异常
2026-06-10 13:00:35,ESP32-ROOM-001,信工学院楼B024,28.9,50.0,Normal,无异常
2026-06-10 13:00:41,ESP32-ROOM-001,信工学院楼B024,28.6,50.0,Normal,无异常
2026-06-10 13:00:45,ESP32-ROOM-001,信工学院楼B024,28.1,49.0,Normal,无异常
2026-06-10 13:00:50,ESP32-ROOM-001,信工学院楼B024,28.5,49.0,Normal,无异常
2026-06-10 13:00:55,ESP32-ROOM-001,信工学院楼B024,28.9,49.0,Normal,无异常
2026-06-10 13:01:00,ESP32-ROOM-001,信工学院楼B024,28.4,49.0,Normal,无异常
2026-06-10 13:01:05,ESP32-ROOM-001,信工学院楼B024,28.8,49.0,Normal,无异常
2026-06-10 13:01:10,ESP32-ROOM-001,信工学院楼B024,28.4,49.0,Normal,无异常
2026-06-10 13:01:15,ESP32-ROOM-001,信工学院楼B024,28.2,68.0,Normal,无异常
2026-06-10 13:01:20,ESP32-ROOM-001,信工学院楼B024,28.6,80.0,Warning,湿度过高
2026-06-10 13:01:25,ESP32-ROOM-001,信工学院楼B024,28.8,85.0,Warning,湿度过高
2026-06-10 13:01:30,ESP32-ROOM-001,信工学院楼B024,28.5,88.0,Warning,湿度过高
2026-06-10 13:01:35,ESP32-ROOM-001,信工学院楼B024,28.6,82.0,Warning,湿度过高
2026-06-10 13:01:40,ESP32-ROOM-001,信工学院楼B024,28.8,74.0,Warning,湿度过高
2026-06-10 13:01:45,ESP32-ROOM-001,信工学院楼B024,28.4,64.0,Normal,无异常
2026-06-10 13:01:50,ESP32-ROOM-001,信工学院楼B024,28.6,57.0,Normal,无异常
2026-06-10 13:06:21,ESP32-ROOM-001,信工学院楼B024,0.6,0.0,Normal,无异常
2026-06-10 13:06:26,ESP32-ROOM-001,信工学院楼B024,29.1,48.0,Normal,无异常
2026-06-10 13:06:31,ESP32-ROOM-001,信工学院楼B024,29.5,47.0,Normal,无异常
2026-06-10 13:06:36,ESP32-ROOM-001,信工学院楼B024,29.4,47.0,Normal,无异常
2026-06-10 13:06:41,ESP32-ROOM-001,信工学院楼B024,28.7,47.0,Normal,无异常
2026-06-10 13:06:52,ESP32-ROOM-001,信工学院楼B024,0.5,0.0,Normal,无异常
2026-06-10 13:06:57,ESP32-ROOM-001,信工学院楼B024,28.0,47.0,Normal,无异常
2026-06-10 13:07:02,ESP32-ROOM-001,信工学院楼B024,28.9,47.0,Normal,无异常
2026-06-10 13:07:07,ESP32-ROOM-001,信工学院楼B024,28.0,46.0,Normal,无异常
2026-06-10 13:07:12,ESP32-ROOM-001,信工学院楼B024,28.5,47.0,Normal,无异常
2026-06-10 13:07:17,ESP32-ROOM-001,信工学院楼B024,28.7,49.0,Normal,无异常
2026-06-10 13:07:22,ESP32-ROOM-001,信工学院楼B024,28.1,54.0,Normal,无异常
2026-06-10 13:07:27,ESP32-ROOM-001,信工学院楼B024,28.5,55.0,Normal,无异常
2026-06-10 13:07:32,ESP32-ROOM-001,信工学院楼B024,28.6,56.0,Normal,无异常
2026-06-10 13:07:37,ESP32-ROOM-001,信工学院楼B024,28.6,56.0,Normal,无异常
2026-06-10 13:07:42,ESP32-ROOM-001,信工学院楼B024,28.7,56.0,Normal,无异常
2026-06-10 13:07:47,ESP32-ROOM-001,信工学院楼B024,28.0,53.0,Normal,无异常
2026-06-10 13:07:52,ESP32-ROOM-001,信工学院楼B024,29.2,76.0,Warning,湿度过高
2026-06-10 13:07:57,ESP32-ROOM-001,信工学院楼B024,29.6,74.0,Warning,湿度过高
2026-06-10 13:08:02,ESP32-ROOM-001,信工学院楼B024,29.5,72.0,Warning,湿度过高
2026-06-10 13:08:07,ESP32-ROOM-001,信工学院楼B024,29.6,66.0,Normal,无异常
2026-06-10 13:08:12,ESP32-ROOM-001,信工学院楼B024,29.7,61.0,Normal,无异常
2026-06-10 13:08:17,ESP32-ROOM-001,信工学院楼B024,28.5,57.0,Normal,无异常
2026-06-10 13:21:53,ESP32-ROOM-001,信工学院楼B024,0.4,0.0,Normal,无异常
2026-06-10 13:21:58,ESP32-ROOM-001,信工学院楼B024,27.3,51.0,Normal,无异常
2026-06-10 13:22:03,ESP32-ROOM-001,信工学院楼B024,27.0,50.0,Normal,无异常
2026-06-10 13:22:08,ESP32-ROOM-001,信工学院楼B024,27.4,51.0,Normal,无异常
2026-06-10 13:22:13,ESP32-ROOM-001,信工学院楼B024,27.7,50.0,Normal,无异常
2026-06-10 13:22:18,ESP32-ROOM-001,信工学院楼B024,27.5,50.0,Normal,无异常
2026-06-10 13:22:23,ESP32-ROOM-001,信工学院楼B024,27.4,50.0,Normal,无异常
2026-06-10 13:22:28,ESP32-ROOM-001,信工学院楼B024,27.2,51.0,Normal,无异常
2026-06-10 13:22:33,ESP32-ROOM-001,信工学院楼B024,27.5,51.0,Normal,无异常
2026-06-10 13:22:38,ESP32-ROOM-001,信工学院楼B024,27.5,51.0,Normal,无异常
2026-06-10 13:22:43,ESP32-ROOM-001,信工学院楼B024,27.6,51.0,Normal,无异常
2026-06-10 13:22:48,ESP32-ROOM-001,信工学院楼B024,27.0,50.0,Normal,无异常
2026-06-10 13:22:52,ESP32-ROOM-001,信工学院楼B024,27.3,50.0,Normal,无异常
2026-06-10 13:22:58,ESP32-ROOM-001,信工学院楼B024,27.7,50.0,Normal,无异常
2026-06-10 13:23:03,ESP32-ROOM-001,信工学院楼B024,27.6,50.0,Normal,无异常
2026-06-10 13:23:08,ESP32-ROOM-001,信工学院楼B024,27.5,50.0,Normal,无异常
2026-06-10 13:23:13,ESP32-ROOM-001,信工学院楼B024,27.4,50.0,Normal,无异常
2026-06-10 13:23:18,ESP32-ROOM-001,信工学院楼B024,27.9,50.0,Normal,无异常
2026-06-10 13:23:23,ESP32-ROOM-001,信工学院楼B024,27.3,50.0,Normal,无异常
2026-06-10 13:23:28,ESP32-ROOM-001,信工学院楼B024,27.8,50.0,Normal,无异常
2026-06-10 13:23:33,ESP32-ROOM-001,信工学院楼B024,27.2,50.0,Normal,无异常
2026-06-10 13:23:38,ESP32-ROOM-001,信工学院楼B024,27.3,50.0,Normal,无异常
2026-06-10 13:23:43,ESP32-ROOM-001,信工学院楼B024,27.9,50.0,Normal,无异常
2026-06-10 13:23:48,ESP32-ROOM-001,信工学院楼B024,27.9,50.0,Normal,无异常
2026-06-10 13:23:52,ESP32-ROOM-001,信工学院楼B024,27.0,50.0,Normal,无异常
2026-06-10 13:35:28,ESP32-ROOM-001,信工学院楼B024,0.3,0.0,Normal,无异常
2026-06-10 13:35:33,ESP32-ROOM-001,信工学院楼B024,27.0,49.0,Normal,无异常
2026-06-10 13:35:38,ESP32-ROOM-001,信工学院楼B024,27.3,49.0,Normal,无异常
2026-06-10 13:35:43,ESP32-ROOM-001,信工学院楼B024,27.8,49.0,Normal,无异常
2026-06-10 13:35:48,ESP32-ROOM-001,信工学院楼B024,27.7,69.0,Normal,无异常
2026-06-10 13:35:53,ESP32-ROOM-001,信工学院楼B024,28.0,82.0,Warning,湿度过高
2026-06-10 13:35:58,ESP32-ROOM-001,信工学院楼B024,29.9,84.0,Warning,湿度过高
2026-06-10 13:36:03,ESP32-ROOM-001,信工学院楼B024,29.7,87.0,Warning,湿度过高
2026-06-10 13:36:08,ESP32-ROOM-001,信工学院楼B024,29.1,87.0,Warning,湿度过高
2026-06-10 13:36:13,ESP32-ROOM-001,信工学院楼B024,28.4,86.0,Warning,湿度过高
2026-06-10 13:36:18,ESP32-ROOM-001,信工学院楼B024,28.4,84.0,Warning,湿度过高
2026-06-10 13:36:23,ESP32-ROOM-001,信工学院楼B024,28.7,80.0,Warning,湿度过高
2026-06-10 13:36:28,ESP32-ROOM-001,信工学院楼B024,28.0,78.0,Warning,湿度过高
2026-06-10 13:36:33,ESP32-ROOM-001,信工学院楼B024,28.1,76.0,Warning,湿度过高
2026-06-10 13:36:38,ESP32-ROOM-001,信工学院楼B024,28.1,74.0,Warning,湿度过高
2026-06-10 13:36:43,ESP32-ROOM-001,信工学院楼B024,28.4,71.0,Warning,湿度过高
2026-06-10 13:37:28,ESP32-ROOM-001,信工学院楼B024,27.0,53.0,Normal,无异常
2026-06-10 13:37:33,ESP32-ROOM-001,信工学院楼B024,27.8,53.0,Normal,无异常
2026-06-10 13:37:38,ESP32-ROOM-001,信工学院楼B024,27.2,52.0,Normal,无异常
2026-06-10 13:37:43,ESP32-ROOM-001,信工学院楼B024,27.3,52.0,Normal,无异常
2026-06-10 13:37:48,ESP32-ROOM-001,信工学院楼B024,28.7,78.0,Warning,湿度过高
2026-06-10 13:37:53,ESP32-ROOM-001,信工学院楼B024,28.4,83.0,Warning,湿度过高
2026-06-10 13:37:58,ESP32-ROOM-001,信工学院楼B024,28.1,84.0,Warning,湿度过高
2026-06-10 13:38:03,ESP32-ROOM-001,信工学院楼B024,28.4,83.0,Warning,湿度过高
2026-06-10 13:38:08,ESP32-ROOM-001,信工学院楼B024,28.4,80.0,Warning,湿度过高
2026-06-10 13:38:13,ESP32-ROOM-001,信工学院楼B024,28.8,77.0,Warning,湿度过高
2026-06-10 16:24:38,ESP32-ROOM-001,信工学院楼B024,27.0,47.0,Normal,无异常
2026-06-10 16:24:43,ESP32-ROOM-001,信工学院楼B024,27.5,47.0,Normal,无异常
2026-06-10 16:24:48,ESP32-ROOM-001,信工学院楼B024,27.7,46.0,Normal,无异常
2026-06-10 16:24:53,ESP32-ROOM-001,信工学院楼B024,27.1,46.0,Normal,无异常
2026-06-10 16:24:58,ESP32-ROOM-001,信工学院楼B024,27.3,46.0,Normal,无异常
2026-06-10 16:25:03,ESP32-ROOM-001,信工学院楼B024,27.8,46.0,Normal,无异常
2026-06-10 16:25:08,ESP32-ROOM-001,信工学院楼B024,27.9,46.0,Normal,无异常
2026-06-10 16:25:13,ESP32-ROOM-001,信工学院楼B024,27.4,46.0,Normal,无异常
2026-06-10 16:25:18,ESP32-ROOM-001,信工学院楼B024,27.0,46.0,Normal,无异常
2026-06-10 16:25:23,ESP32-ROOM-001,信工学院楼B024,27.1,46.0,Normal,无异常
2026-06-10 16:25:28,ESP32-ROOM-001,信工学院楼B024,28.7,83.0,Warning,湿度过高
2026-06-10 16:25:33,ESP32-ROOM-001,信工学院楼B024,28.1,88.0,Warning,湿度过高
2026-06-10 16:25:38,ESP32-ROOM-001,信工学院楼B024,28.8,89.0,Warning,湿度过高
2026-06-10 16:25:43,ESP32-ROOM-001,信工学院楼B024,28.9,88.0,Warning,湿度过高
2026-06-10 16:25:48,ESP32-ROOM-001,信工学院楼B024,28.6,88.0,Warning,湿度过高
2026-06-10 16:25:53,ESP32-ROOM-001,信工学院楼B024,28.8,88.0,Warning,湿度过高
2026-06-10 16:25:58,ESP32-ROOM-001,信工学院楼B024,28.1,90.0,Warning,湿度过高
2026-06-10 16:26:03,ESP32-ROOM-001,信工学院楼B024,29.9,91.0,Warning,湿度过高
2026-06-10 16:26:08,ESP32-ROOM-001,信工学院楼B024,30.1,91.0,Warning,温度过高、湿度过高
2026-06-10 16:26:13,ESP32-ROOM-001,信工学院楼B024,30.0,92.0,Warning,温度过高、湿度过高
2026-06-10 16:26:18,ESP32-ROOM-001,信工学院楼B024,31.6,92.0,Warning,温度过高、湿度过高
2026-06-10 16:26:23,ESP32-ROOM-001,信工学院楼B024,30.7,92.0,Warning,温度过高、湿度过高
2026-06-10 16:26:28,ESP32-ROOM-001,信工学院楼B024,30.3,91.0,Warning,温度过高、湿度过高
2026-06-10 16:26:33,ESP32-ROOM-001,信工学院楼B024,29.6,91.0,Warning,湿度过高
2026-06-10 16:26:38,ESP32-ROOM-001,信工学院楼B024,29.6,90.0,Warning,湿度过高
2026-06-10 16:26:43,ESP32-ROOM-001,信工学院楼B024,29.4,88.0,Warning,湿度过高
2026-06-10 16:26:48,ESP32-ROOM-001,信工学院楼B024,29.8,85.0,Warning,湿度过高
2026-06-10 16:26:53,ESP32-ROOM-001,信工学院楼B024,28.8,81.0,Warning,湿度过高
2026-06-10 16:26:58,ESP32-ROOM-001,信工学院楼B024,28.4,78.0,Warning,湿度过高
2026-06-10 16:27:03,ESP32-ROOM-001,信工学院楼B024,28.1,73.0,Warning,湿度过高
2026-06-10 16:27:08,ESP32-ROOM-001,信工学院楼B024,28.8,68.0,Normal,无异常
2026-06-10 16:27:13,ESP32-ROOM-001,信工学院楼B024,28.2,65.0,Normal,无异常
2026-06-12 20:59:39,ESP32-ROOM-002,信工学院楼B205,29.7,50.0,Normal,无异常
2026-06-12 20:59:44,ESP32-ROOM-002,信工学院楼B205,29.5,50.0,Normal,无异常
2026-06-12 20:59:48,ESP32-ROOM-002,信工学院楼B205,29.6,50.0,Normal,无异常
2026-06-12 20:59:53,ESP32-ROOM-002,信工学院楼B205,29.7,50.0,Normal,无异常
2026-06-12 20:59:59,ESP32-ROOM-002,信工学院楼B205,29.7,50.0,Normal,无异常
2026-06-12 21:00:04,ESP32-ROOM-002,信工学院楼B205,29.7,50.0,Normal,无异常
2026-06-12 21:00:09,ESP32-ROOM-002,信工学院楼B205,29.1,50.0,Normal,无异常
2026-06-12 21:00:14,ESP32-ROOM-002,信工学院楼B205,29.8,50.0,Normal,无异常
2026-06-12 21:00:18,ESP32-ROOM-002,信工学院楼B205,29.9,49.0,Normal,无异常
2026-06-12 21:00:24,ESP32-ROOM-002,信工学院楼B205,29.8,49.0,Normal,无异常
2026-06-12 21:00:29,ESP32-ROOM-002,信工学院楼B205,29.6,49.0,Normal,无异常
2026-06-12 21:00:34,ESP32-ROOM-002,信工学院楼B205,29.4,50.0,Normal,无异常
2026-06-12 21:00:39,ESP32-ROOM-002,信工学院楼B205,29.0,50.0,Normal,无异常
2026-06-12 21:00:44,ESP32-ROOM-002,信工学院楼B205,29.8,50.0,Normal,无异常
2026-06-12 21:00:49,ESP32-ROOM-002,信工学院楼B205,29.4,50.0,Normal,无异常
2026-06-12 21:00:54,ESP32-ROOM-002,信工学院楼B205,29.2,50.0,Normal,无异常
2026-06-12 21:00:54,ESP32-ROOM-001,信工学院楼B024,0.5,0.0,Normal,无异常
2026-06-12 21:00:58,ESP32-ROOM-002,信工学院楼B205,29.3,50.0,Normal,无异常
2026-06-12 21:00:59,ESP32-ROOM-001,信工学院楼B024,27.6,49.0,Normal,无异常
2026-06-12 21:01:04,ESP32-ROOM-002,信工学院楼B205,29.0,50.0,Normal,无异常
2026-06-12 21:01:04,ESP32-ROOM-001,信工学院楼B024,27.7,50.0,Normal,无异常
2026-06-12 21:01:09,ESP32-ROOM-002,信工学院楼B205,29.5,50.0,Normal,无异常
2026-06-12 21:01:09,ESP32-ROOM-001,信工学院楼B024,27.2,49.0,Normal,无异常
2026-06-12 21:01:14,ESP32-ROOM-002,信工学院楼B205,29.9,51.0,Normal,无异常
2026-06-12 21:01:14,ESP32-ROOM-001,信工学院楼B024,27.2,50.0,Normal,无异常
2026-06-12 21:01:18,ESP32-ROOM-002,信工学院楼B205,29.8,50.0,Normal,无异常
2026-06-12 21:01:19,ESP32-ROOM-001,信工学院楼B024,27.3,50.0,Normal,无异常
2026-06-12 21:01:24,ESP32-ROOM-002,信工学院楼B205,29.5,50.0,Normal,无异常
2026-06-12 21:01:24,ESP32-ROOM-001,信工学院楼B024,27.3,50.0,Normal,无异常
2026-06-12 21:01:28,ESP32-ROOM-002,信工学院楼B205,29.9,50.0,Normal,无异常
2026-06-12 21:01:29,ESP32-ROOM-001,信工学院楼B024,27.5,50.0,Normal,无异常
2026-06-12 21:01:34,ESP32-ROOM-002,信工学院楼B205,29.4,50.0,Normal,无异常
2026-06-12 21:01:34,ESP32-ROOM-001,信工学院楼B024,27.5,50.0,Normal,无异常
2026-06-12 21:01:39,ESP32-ROOM-002,信工学院楼B205,29.0,50.0,Normal,无异常
2026-06-12 21:01:39,ESP32-ROOM-001,信工学院楼B024,27.6,49.0,Normal,无异常
2026-06-12 21:01:44,ESP32-ROOM-002,信工学院楼B205,29.6,50.0,Normal,无异常
2026-06-12 21:01:44,ESP32-ROOM-001,信工学院楼B024,27.7,49.0,Normal,无异常
2026-06-12 21:01:49,ESP32-ROOM-002,信工学院楼B205,29.6,50.0,Normal,无异常
2026-06-12 21:01:49,ESP32-ROOM-001,信工学院楼B024,27.7,49.0,Normal,无异常
2026-06-12 21:01:53,ESP32-ROOM-002,信工学院楼B205,29.3,50.0,Normal,无异常
2026-06-12 21:01:54,ESP32-ROOM-001,信工学院楼B024,27.9,49.0,Normal,无异常
2026-06-12 21:01:58,ESP32-ROOM-002,信工学院楼B205,29.0,50.0,Normal,无异常
2026-06-12 21:01:59,ESP32-ROOM-001,信工学院楼B024,27.5,49.0,Normal,无异常
2026-06-12 21:02:04,ESP32-ROOM-002,信工学院楼B205,29.7,50.0,Normal,无异常
2026-06-12 21:02:04,ESP32-ROOM-001,信工学院楼B024,27.6,49.0,Normal,无异常
2026-06-12 21:02:09,ESP32-ROOM-002,信工学院楼B205,29.9,50.0,Normal,无异常
2026-06-12 21:02:09,ESP32-ROOM-001,信工学院楼B024,27.9,49.0,Normal,无异常
2026-06-12 21:02:13,ESP32-ROOM-002,信工学院楼B205,29.5,50.0,Normal,无异常
2026-06-12 21:02:14,ESP32-ROOM-001,信工学院楼B024,27.2,49.0,Normal,无异常
2026-06-12 21:02:18,ESP32-ROOM-002,信工学院楼B205,29.1,50.0,Normal,无异常
2026-06-12 21:02:19,ESP32-ROOM-001,信工学院楼B024,27.5,49.0,Normal,无异常
2026-06-12 21:02:24,ESP32-ROOM-002,信工学院楼B205,29.5,50.0,Normal,无异常
2026-06-12 21:02:24,ESP32-ROOM-001,信工学院楼B024,27.6,49.0,Normal,无异常
2026-06-12 21:02:29,ESP32-ROOM-002,信工学院楼B205,29.9,50.0,Normal,无异常
2026-06-12 21:02:29,ESP32-ROOM-001,信工学院楼B024,27.7,49.0,Normal,无异常
2026-06-12 21:02:33,ESP32-ROOM-002,信工学院楼B205,29.7,50.0,Normal,无异常
2026-06-12 21:02:34,ESP32-ROOM-001,信工学院楼B024,27.5,49.0,Normal,无异常
2026-06-12 21:02:38,ESP32-ROOM-002,信工学院楼B205,29.5,50.0,Normal,无异常
2026-06-12 21:02:39,ESP32-ROOM-001,信工学院楼B024,27.7,49.0,Normal,无异常
2026-06-12 21:02:43,ESP32-ROOM-002,信工学院楼B205,29.2,50.0,Normal,无异常
2026-06-12 21:02:44,ESP32-ROOM-001,信工学院楼B024,27.7,49.0,Normal,无异常
2026-06-12 21:02:48,ESP32-ROOM-002,信工学院楼B205,29.5,51.0,Normal,无异常
2026-06-12 21:02:49,ESP32-ROOM-001,信工学院楼B024,28.0,49.0,Normal,无异常
2026-06-12 21:02:53,ESP32-ROOM-002,信工学院楼B205,29.1,50.0,Normal,无异常
2026-06-12 21:02:54,ESP32-ROOM-001,信工学院楼B024,27.7,49.0,Normal,无异常
2026-06-12 21:02:58,ESP32-ROOM-002,信工学院楼B205,29.4,50.0,Normal,无异常
2026-06-12 21:02:59,ESP32-ROOM-001,信工学院楼B024,27.4,49.0,Normal,无异常
2026-06-12 21:03:03,ESP32-ROOM-002,信工学院楼B205,29.2,50.0,Normal,无异常
2026-06-12 21:03:04,ESP32-ROOM-001,信工学院楼B024,28.7,49.0,Normal,无异常
2026-06-12 21:03:09,ESP32-ROOM-002,信工学院楼B205,29.5,50.0,Normal,无异常
2026-06-12 21:03:09,ESP32-ROOM-001,信工学院楼B024,28.6,49.0,Normal,无异常
2026-06-12 21:03:14,ESP32-ROOM-002,信工学院楼B205,29.0,51.0,Normal,无异常
2026-06-12 21:03:14,ESP32-ROOM-001,信工学院楼B024,28.0,49.0,Normal,无异常
2026-06-12 21:03:19,ESP32-ROOM-002,信工学院楼B205,29.5,50.0,Normal,无异常
2026-06-12 21:03:19,ESP32-ROOM-001,信工学院楼B024,28.6,49.0,Normal,无异常
2026-06-12 21:03:23,ESP32-ROOM-002,信工学院楼B205,29.0,50.0,Normal,无异常
2026-06-12 21:03:24,ESP32-ROOM-001,信工学院楼B024,28.0,49.0,Normal,无异常
2026-06-12 21:03:29,ESP32-ROOM-002,信工学院楼B205,29.6,50.0,Normal,无异常
2026-06-12 21:03:29,ESP32-ROOM-001,信工学院楼B024,28.4,48.0,Normal,无异常
2026-06-12 21:03:33,ESP32-ROOM-002,信工学院楼B205,29.5,50.0,Normal,无异常
2026-06-12 21:03:34,ESP32-ROOM-001,信工学院楼B024,28.2,49.0,Normal,无异常
2026-06-12 21:03:38,ESP32-ROOM-002,信工学院楼B205,29.0,50.0,Normal,无异常
2026-06-12 21:03:39,ESP32-ROOM-001,信工学院楼B024,28.9,49.0,Normal,无异常
2026-06-12 21:03:43,ESP32-ROOM-002,信工学院楼B205,29.7,50.0,Normal,无异常
2026-06-12 21:03:44,ESP32-ROOM-001,信工学院楼B024,28.0,48.0,Normal,无异常
2026-06-12 21:03:48,ESP32-ROOM-002,信工学院楼B205,29.1,50.0,Normal,无异常
2026-06-12 21:03:49,ESP32-ROOM-001,信工学院楼B024,28.9,48.0,Normal,无异常
2026-06-12 21:03:54,ESP32-ROOM-002,信工学院楼B205,29.9,50.0,Normal,无异常
2026-06-12 21:03:54,ESP32-ROOM-001,信工学院楼B024,28.3,48.0,Normal,无异常
2026-06-12 21:03:58,ESP32-ROOM-002,信工学院楼B205,29.7,50.0,Normal,无异常
2026-06-12 21:03:59,ESP32-ROOM-001,信工学院楼B024,28.2,48.0,Normal,无异常
2026-06-12 21:04:04,ESP32-ROOM-002,信工学院楼B205,29.7,50.0,Normal,无异常
2026-06-12 21:04:04,ESP32-ROOM-001,信工学院楼B024,28.7,48.0,Normal,无异常
2026-06-12 21:04:09,ESP32-ROOM-002,信工学院楼B205,29.5,50.0,Normal,无异常
2026-06-12 21:04:09,ESP32-ROOM-001,信工学院楼B024,28.4,48.0,Normal,无异常
2026-06-12 21:04:13,ESP32-ROOM-002,信工学院楼B205,29.4,50.0,Normal,无异常
2026-06-12 21:04:14,ESP32-ROOM-001,信工学院楼B024,28.5,48.0,Normal,无异常
2026-06-12 21:04:18,ESP32-ROOM-002,信工学院楼B205,29.2,50.0,Normal,无异常
2026-06-12 21:04:19,ESP32-ROOM-001,信工学院楼B024,28.2,48.0,Normal,无异常
2026-06-12 21:04:23,ESP32-ROOM-002,信工学院楼B205,29.6,50.0,Normal,无异常
2026-06-12 21:04:24,ESP32-ROOM-001,信工学院楼B024,28.6,48.0,Normal,无异常
2026-06-12 21:04:28,ESP32-ROOM-002,信工学院楼B205,29.7,50.0,Normal,无异常
2026-06-12 21:04:29,ESP32-ROOM-001,信工学院楼B024,28.3,48.0,Normal,无异常
2026-06-12 21:04:33,ESP32-ROOM-002,信工学院楼B205,29.5,50.0,Normal,无异常
2026-06-12 21:04:34,ESP32-ROOM-001,信工学院楼B024,28.1,49.0,Normal,无异常
2026-06-12 21:04:38,ESP32-ROOM-002,信工学院楼B205,29.9,50.0,Normal,无异常
2026-06-12 21:04:39,ESP32-ROOM-001,信工学院楼B024,28.5,49.0,Normal,无异常
2026-06-12 21:04:44,ESP32-ROOM-002,信工学院楼B205,30.7,50.0,Normal,无异常
2026-06-12 21:04:44,ESP32-ROOM-001,信工学院楼B024,28.3,49.0,Normal,无异常
2026-06-12 21:04:49,ESP32-ROOM-002,信工学院楼B205,30.3,49.0,Normal,无异常
2026-06-12 21:04:49,ESP32-ROOM-001,信工学院楼B024,28.0,48.0,Normal,无异常
2026-06-12 21:04:54,ESP32-ROOM-002,信工学院楼B205,30.7,50.0,Normal,无异常
2026-06-12 21:04:54,ESP32-ROOM-001,信工学院楼B024,28.8,48.0,Normal,无异常
2026-06-12 21:04:58,ESP32-ROOM-002,信工学院楼B205,30.8,64.0,Normal,无异常
2026-06-12 21:04:59,ESP32-ROOM-001,信工学院楼B024,28.5,49.0,Normal,无异常
2026-06-12 21:05:03,ESP32-ROOM-002,信工学院楼B205,30.0,58.0,Normal,无异常
2026-06-12 21:05:04,ESP32-ROOM-001,信工学院楼B024,28.9,49.0,Normal,无异常
2026-06-12 21:05:09,ESP32-ROOM-002,信工学院楼B205,30.1,55.0,Normal,无异常
2026-06-12 21:05:09,ESP32-ROOM-001,信工学院楼B024,28.7,48.0,Normal,无异常
2026-06-12 21:05:14,ESP32-ROOM-002,信工学院楼B205,30.0,53.0,Normal,无异常
2026-06-12 21:05:18,ESP32-ROOM-001,信工学院楼B024,28.0,48.0,Normal,无异常
2026-06-12 21:05:18,ESP32-ROOM-002,信工学院楼B205,30.2,52.0,Normal,无异常
2026-06-12 21:05:23,ESP32-ROOM-001,信工学院楼B024,28.4,66.0,Normal,无异常
2026-06-12 21:05:23,ESP32-ROOM-002,信工学院楼B205,30.4,51.0,Normal,无异常
2026-06-12 21:05:28,ESP32-ROOM-001,信工学院楼B024,28.6,65.0,Normal,无异常
2026-06-12 21:05:28,ESP32-ROOM-002,信工学院楼B205,30.8,51.0,Normal,无异常
2026-06-12 21:05:33,ESP32-ROOM-001,信工学院楼B024,28.3,66.0,Normal,无异常
2026-06-12 21:05:33,ESP32-ROOM-002,信工学院楼B205,29.4,51.0,Normal,无异常
2026-06-12 21:05:38,ESP32-ROOM-001,信工学院楼B024,28.3,67.0,Normal,无异常
2026-06-12 21:05:38,ESP32-ROOM-002,信工学院楼B205,29.3,51.0,Normal,无异常
2026-06-12 21:05:43,ESP32-ROOM-001,信工学院楼B024,28.1,69.0,Normal,无异常
2026-06-12 21:05:44,ESP32-ROOM-002,信工学院楼B205,29.4,52.0,Normal,无异常
2026-06-12 21:05:48,ESP32-ROOM-001,信工学院楼B024,28.8,70.0,Warning,湿度过高
2026-06-12 21:05:49,ESP32-ROOM-002,信工学院楼B205,29.4,52.0,Normal,无异常
2026-06-12 21:05:53,ESP32-ROOM-001,信工学院楼B024,28.2,72.0,Warning,湿度过高
2026-06-12 21:05:54,ESP32-ROOM-002,信工学院楼B205,29.3,52.0,Normal,无异常
2026-06-12 21:05:58,ESP32-ROOM-001,信工学院楼B024,28.2,74.0,Warning,湿度过高
2026-06-12 21:05:58,ESP32-ROOM-002,信工学院楼B205,29.3,52.0,Normal,无异常
2026-06-12 21:06:03,ESP32-ROOM-001,信工学院楼B024,28.0,75.0,Warning,湿度过高
2026-06-12 21:06:03,ESP32-ROOM-002,信工学院楼B205,29.2,52.0,Normal,无异常
2026-06-12 21:06:08,ESP32-ROOM-001,信工学院楼B024,28.2,75.0,Warning,湿度过高
2026-06-12 21:06:08,ESP32-ROOM-002,信工学院楼B205,29.1,52.0,Normal,无异常
2026-06-12 21:06:13,ESP32-ROOM-001,信工学院楼B024,28.2,76.0,Warning,湿度过高
2026-06-12 21:06:13,ESP32-ROOM-002,信工学院楼B205,29.1,52.0,Normal,无异常
2026-06-12 21:06:18,ESP32-ROOM-001,信工学院楼B024,28.0,77.0,Warning,湿度过高
2026-06-12 21:06:18,ESP32-ROOM-002,信工学院楼B205,29.2,52.0,Normal,无异常
2026-06-12 21:06:23,ESP32-ROOM-001,信工学院楼B024,28.4,70.0,Warning,湿度过高
2026-06-12 21:06:23,ESP32-ROOM-002,信工学院楼B205,29.6,51.0,Normal,无异常
2026-06-12 21:06:28,ESP32-ROOM-001,信工学院楼B024,28.6,65.0,Normal,无异常
2026-06-12 21:06:29,ESP32-ROOM-002,信工学院楼B205,29.6,51.0,Normal,无异常
2026-06-12 21:06:33,ESP32-ROOM-001,信工学院楼B024,28.6,61.0,Normal,无异常
2026-06-12 21:06:33,ESP32-ROOM-002,信工学院楼B205,29.6,51.0,Normal,无异常
2026-06-12 21:06:38,ESP32-ROOM-001,信工学院楼B024,28.8,58.0,Normal,无异常
2026-06-12 21:06:39,ESP32-ROOM-002,信工学院楼B205,29.1,52.0,Normal,无异常
2026-06-12 21:06:43,ESP32-ROOM-001,信工学院楼B024,28.3,58.0,Normal,无异常
2026-06-12 21:06:44,ESP32-ROOM-002,信工学院楼B205,29.7,52.0,Normal,无异常
2026-06-12 21:06:48,ESP32-ROOM-001,信工学院楼B024,28.6,57.0,Normal,无异常
2026-06-12 21:06:48,ESP32-ROOM-002,信工学院楼B205,29.7,52.0,Normal,无异常
2026-06-12 21:06:53,ESP32-ROOM-001,信工学院楼B024,28.8,57.0,Normal,无异常
2026-06-12 21:06:53,ESP32-ROOM-002,信工学院楼B205,29.6,52.0,Normal,无异常
2026-06-12 21:06:58,ESP32-ROOM-001,信工学院楼B024,28.8,56.0,Normal,无异常
2026-06-12 21:06:58,ESP32-ROOM-002,信工学院楼B205,29.6,52.0,Normal,无异常
2026-06-12 21:07:03,ESP32-ROOM-001,信工学院楼B024,28.4,56.0,Normal,无异常
2026-06-12 21:07:03,ESP32-ROOM-002,信工学院楼B205,29.0,52.0,Normal,无异常
2026-06-12 21:07:08,ESP32-ROOM-001,信工学院楼B024,28.0,55.0,Normal,无异常
2026-06-12 21:07:09,ESP32-ROOM-002,信工学院楼B205,29.3,52.0,Normal,无异常
2026-06-12 21:07:13,ESP32-ROOM-001,信工学院楼B024,28.0,55.0,Normal,无异常
2026-06-12 21:07:13,ESP32-ROOM-002,信工学院楼B205,29.7,52.0,Normal,无异常
2026-06-12 21:07:18,ESP32-ROOM-001,信工学院楼B024,28.5,55.0,Normal,无异常
2026-06-12 21:07:19,ESP32-ROOM-002,信工学院楼B205,29.9,52.0,Normal,无异常
2026-06-12 21:07:23,ESP32-ROOM-001,信工学院楼B024,28.4,55.0,Normal,无异常
2026-06-12 21:07:24,ESP32-ROOM-002,信工学院楼B205,29.4,52.0,Normal,无异常
2026-06-12 21:07:28,ESP32-ROOM-001,信工学院楼B024,28.7,55.0,Normal,无异常
2026-06-12 21:07:28,ESP32-ROOM-002,信工学院楼B205,29.3,52.0,Normal,无异常
2026-06-12 21:07:33,ESP32-ROOM-001,信工学院楼B024,28.8,55.0,Normal,无异常
2026-06-12 21:07:33,ESP32-ROOM-002,信工学院楼B205,29.9,53.0,Normal,无异常
2026-06-12 21:07:38,ESP32-ROOM-001,信工学院楼B024,28.6,54.0,Normal,无异常
2026-06-12 21:07:38,ESP32-ROOM-002,信工学院楼B205,29.0,54.0,Normal,无异常
2026-06-12 21:07:43,ESP32-ROOM-001,信工学院楼B024,28.4,55.0,Normal,无异常
2026-06-12 21:07:44,ESP32-ROOM-002,信工学院楼B205,29.5,53.0,Normal,无异常
2026-06-12 21:07:48,ESP32-ROOM-001,信工学院楼B024,28.4,55.0,Normal,无异常
2026-06-12 21:07:49,ESP32-ROOM-002,信工学院楼B205,29.8,53.0,Normal,无异常
2026-06-12 21:07:53,ESP32-ROOM-001,信工学院楼B024,28.6,55.0,Normal,无异常
2026-06-12 21:07:54,ESP32-ROOM-002,信工学院楼B205,30.6,53.0,Normal,无异常
2026-06-12 21:07:58,ESP32-ROOM-001,信工学院楼B024,28.7,54.0,Normal,无异常
2026-06-12 21:07:59,ESP32-ROOM-002,信工学院楼B205,30.2,53.0,Normal,无异常
2026-06-12 21:08:03,ESP32-ROOM-001,信工学院楼B024,28.0,55.0,Normal,无异常
2026-06-12 21:08:04,ESP32-ROOM-002,信工学院楼B205,30.3,53.0,Normal,无异常
2026-06-12 21:08:08,ESP32-ROOM-001,信工学院楼B024,28.9,54.0,Normal,无异常
2026-06-12 21:08:09,ESP32-ROOM-002,信工学院楼B205,30.6,53.0,Normal,无异常
2026-06-12 21:08:13,ESP32-ROOM-001,信工学院楼B024,28.2,54.0,Normal,无异常
2026-06-12 21:08:13,ESP32-ROOM-002,信工学院楼B205,30.4,53.0,Normal,无异常
2026-06-12 21:08:18,ESP32-ROOM-001,信工学院楼B024,28.2,54.0,Normal,无异常
2026-06-12 21:08:19,ESP32-ROOM-002,信工学院楼B205,30.3,53.0,Normal,无异常
2026-06-12 21:08:23,ESP32-ROOM-001,信工学院楼B024,28.3,54.0,Normal,无异常
2026-06-12 21:08:24,ESP32-ROOM-002,信工学院楼B205,30.6,52.0,Normal,无异常
2026-06-12 21:08:28,ESP32-ROOM-001,信工学院楼B024,28.3,53.0,Normal,无异常
2026-06-12 21:08:28,ESP32-ROOM-002,信工学院楼B205,30.3,53.0,Normal,无异常
2026-06-12 21:08:33,ESP32-ROOM-001,信工学院楼B024,28.5,53.0,Normal,无异常
2026-06-12 21:08:33,ESP32-ROOM-002,信工学院楼B205,30.6,52.0,Normal,无异常
2026-06-12 21:08:38,ESP32-ROOM-001,信工学院楼B024,28.0,54.0,Normal,无异常
2026-06-12 21:08:39,ESP32-ROOM-002,信工学院楼B205,30.4,52.0,Normal,无异常
2026-06-12 21:08:43,ESP32-ROOM-001,信工学院楼B024,28.7,53.0,Normal,无异常
2026-06-12 21:08:44,ESP32-ROOM-002,信工学院楼B205,30.4,52.0,Normal,无异常
2026-06-12 21:08:48,ESP32-ROOM-001,信工学院楼B024,28.7,53.0,Normal,无异常
2026-06-12 21:08:49,ESP32-ROOM-002,信工学院楼B205,30.4,52.0,Normal,无异常
2026-06-12 21:08:53,ESP32-ROOM-001,信工学院楼B024,28.7,53.0,Normal,无异常
2026-06-12 21:08:53,ESP32-ROOM-002,信工学院楼B205,30.1,52.0,Normal,无异常
2026-06-12 21:08:58,ESP32-ROOM-001,信工学院楼B024,28.0,53.0,Normal,无异常
2026-06-12 21:08:58,ESP32-ROOM-002,信工学院楼B205,30.8,52.0,Normal,无异常
2026-06-12 21:09:03,ESP32-ROOM-001,信工学院楼B024,28.6,53.0,Normal,无异常
2026-06-12 21:09:03,ESP32-ROOM-002,信工学院楼B205,30.5,52.0,Normal,无异常
2026-06-12 21:09:08,ESP32-ROOM-001,信工学院楼B024,28.2,53.0,Normal,无异常
2026-06-12 21:09:08,ESP32-ROOM-002,信工学院楼B205,30.8,51.0,Normal,无异常
2026-06-12 21:09:13,ESP32-ROOM-001,信工学院楼B024,28.8,53.0,Normal,无异常
2026-06-12 21:09:13,ESP32-ROOM-002,信工学院楼B205,30.2,51.0,Normal,无异常
2026-06-12 21:09:18,ESP32-ROOM-001,信工学院楼B024,28.7,53.0,Normal,无异常
2026-06-12 21:09:19,ESP32-ROOM-002,信工学院楼B205,30.4,51.0,Normal,无异常
2026-06-12 21:09:23,ESP32-ROOM-001,信工学院楼B024,28.8,53.0,Normal,无异常
2026-06-12 21:09:23,ESP32-ROOM-002,信工学院楼B205,30.5,50.0,Normal,无异常
2026-06-12 21:09:28,ESP32-ROOM-001,信工学院楼B024,28.0,53.0,Normal,无异常
2026-06-12 21:09:29,ESP32-ROOM-002,信工学院楼B205,30.1,50.0,Normal,无异常
2026-06-12 21:09:33,ESP32-ROOM-001,信工学院楼B024,28.8,53.0,Normal,无异常
2026-06-12 21:09:34,ESP32-ROOM-002,信工学院楼B205,30.3,50.0,Normal,无异常
2026-06-12 21:09:38,ESP32-ROOM-001,信工学院楼B024,28.9,53.0,Normal,无异常
2026-06-12 21:09:38,ESP32-ROOM-002,信工学院楼B205,30.9,50.0,Normal,无异常
2026-06-12 21:09:43,ESP32-ROOM-001,信工学院楼B024,28.5,53.0,Normal,无异常
2026-06-12 21:09:43,ESP32-ROOM-002,信工学院楼B205,30.2,51.0,Normal,无异常
2026-06-12 21:09:48,ESP32-ROOM-001,信工学院楼B024,28.0,54.0,Normal,无异常
2026-06-12 21:09:49,ESP32-ROOM-002,信工学院楼B205,30.0,51.0,Normal,无异常
2026-06-12 21:09:53,ESP32-ROOM-001,信工学院楼B024,28.6,54.0,Normal,无异常
2026-06-12 21:09:53,ESP32-ROOM-002,信工学院楼B205,30.0,51.0,Normal,无异常
2026-06-12 21:09:58,ESP32-ROOM-001,信工学院楼B024,28.8,53.0,Normal,无异常
2026-06-12 21:09:59,ESP32-ROOM-002,信工学院楼B205,30.1,50.0,Normal,无异常
2026-06-12 21:10:03,ESP32-ROOM-001,信工学院楼B024,28.7,54.0,Normal,无异常
2026-06-12 21:10:04,ESP32-ROOM-002,信工学院楼B205,30.0,51.0,Normal,无异常
2026-06-12 21:10:08,ESP32-ROOM-001,信工学院楼B024,28.6,55.0,Normal,无异常
2026-06-12 21:10:09,ESP32-ROOM-002,信工学院楼B205,30.3,52.0,Normal,无异常
2026-06-12 21:10:13,ESP32-ROOM-001,信工学院楼B024,28.7,54.0,Normal,无异常
2026-06-12 21:10:14,ESP32-ROOM-002,信工学院楼B205,30.4,51.0,Normal,无异常
2026-06-12 21:10:18,ESP32-ROOM-001,信工学院楼B024,28.1,55.0,Normal,无异常
2026-06-12 21:10:19,ESP32-ROOM-002,信工学院楼B205,30.5,52.0,Normal,无异常
2026-06-12 21:10:24,ESP32-ROOM-002,信工学院楼B205,30.9,52.0,Normal,无异常
2026-06-12 21:10:25,ESP32-ROOM-001,信工学院楼B024,28.9,54.0,Normal,无异常
2026-06-12 21:10:28,ESP32-ROOM-001,信工学院楼B024,28.2,53.0,Normal,无异常
2026-06-12 21:10:29,ESP32-ROOM-002,信工学院楼B205,30.4,51.0,Normal,无异常
2026-06-12 21:10:33,ESP32-ROOM-001,信工学院楼B024,28.9,53.0,Normal,无异常
2026-06-12 21:10:34,ESP32-ROOM-002,信工学院楼B205,30.8,51.0,Normal,无异常
2026-06-12 21:10:38,ESP32-ROOM-001,信工学院楼B024,28.0,53.0,Normal,无异常
2026-06-12 21:10:38,ESP32-ROOM-002,信工学院楼B205,30.2,50.0,Normal,无异常
2026-06-12 21:10:43,ESP32-ROOM-001,信工学院楼B024,28.5,53.0,Normal,无异常
2026-06-12 21:10:43,ESP32-ROOM-002,信工学院楼B205,30.0,51.0,Normal,无异常
2026-06-12 21:10:48,ESP32-ROOM-001,信工学院楼B024,28.0,53.0,Normal,无异常
2026-06-12 21:10:48,ESP32-ROOM-002,信工学院楼B205,30.7,51.0,Normal,无异常
2026-06-12 21:10:53,ESP32-ROOM-001,信工学院楼B024,28.0,53.0,Normal,无异常
2026-06-12 21:10:54,ESP32-ROOM-002,信工学院楼B205,30.2,51.0,Normal,无异常
2026-06-12 21:10:58,ESP32-ROOM-001,信工学院楼B024,28.1,53.0,Normal,无异常
2026-06-12 21:10:58,ESP32-ROOM-002,信工学院楼B205,30.6,51.0,Normal,无异常
2026-06-12 21:11:03,ESP32-ROOM-001,信工学院楼B024,29.0,77.0,Warning,湿度过高
2026-06-12 21:11:03,ESP32-ROOM-002,信工学院楼B205,30.4,50.0,Normal,无异常
2026-06-12 21:11:08,ESP32-ROOM-001,信工学院楼B024,29.2,84.0,Warning,湿度过高
2026-06-12 21:11:08,ESP32-ROOM-002,信工学院楼B205,30.5,50.0,Normal,无异常
2026-06-12 21:11:13,ESP32-ROOM-001,信工学院楼B024,29.5,86.0,Warning,湿度过高
2026-06-12 21:11:13,ESP32-ROOM-002,信工学院楼B205,30.0,50.0,Normal,无异常
2026-06-12 21:11:18,ESP32-ROOM-001,信工学院楼B024,29.4,88.0,Warning,湿度过高
2026-06-12 21:11:19,ESP32-ROOM-002,信工学院楼B205,30.5,50.0,Normal,无异常
2026-06-12 21:11:23,ESP32-ROOM-001,信工学院楼B024,29.7,86.0,Warning,湿度过高
2026-06-12 21:11:24,ESP32-ROOM-002,信工学院楼B205,30.8,51.0,Normal,无异常
2026-06-12 21:11:28,ESP32-ROOM-001,信工学院楼B024,29.8,84.0,Warning,湿度过高
2026-06-12 21:11:28,ESP32-ROOM-002,信工学院楼B205,30.2,50.0,Normal,无异常
2026-06-12 21:11:33,ESP32-ROOM-001,信工学院楼B024,29.5,81.0,Warning,湿度过高
2026-06-12 21:11:33,ESP32-ROOM-002,信工学院楼B205,30.8,50.0,Normal,无异常
2026-06-12 21:11:38,ESP32-ROOM-001,信工学院楼B024,29.3,78.0,Warning,湿度过高
2026-06-12 21:11:39,ESP32-ROOM-002,信工学院楼B205,30.0,50.0,Normal,无异常
2026-06-12 21:11:43,ESP32-ROOM-001,信工学院楼B024,29.1,76.0,Warning,湿度过高
2026-06-12 21:11:43,ESP32-ROOM-002,信工学院楼B205,30.6,50.0,Normal,无异常
2026-06-12 21:11:48,ESP32-ROOM-001,信工学院楼B024,29.1,73.0,Warning,湿度过高
2026-06-12 21:11:48,ESP32-ROOM-002,信工学院楼B205,30.1,49.0,Normal,无异常
2026-06-12 21:11:53,ESP32-ROOM-001,信工学院楼B024,29.8,69.0,Normal,无异常
2026-06-12 21:11:54,ESP32-ROOM-002,信工学院楼B205,30.5,50.0,Normal,无异常
2026-06-12 21:11:58,ESP32-ROOM-001,信工学院楼B024,29.5,67.0,Normal,无异常
2026-06-12 21:11:58,ESP32-ROOM-002,信工学院楼B205,30.0,50.0,Normal,无异常
2026-06-12 21:12:03,ESP32-ROOM-001,信工学院楼B024,29.6,64.0,Normal,无异常
2026-06-12 21:12:03,ESP32-ROOM-002,信工学院楼B205,30.1,50.0,Normal,无异常
2026-06-12 21:12:08,ESP32-ROOM-001,信工学院楼B024,29.3,61.0,Normal,无异常
2026-06-12 21:12:08,ESP32-ROOM-002,信工学院楼B205,30.2,50.0,Normal,无异常
2026-06-12 21:12:13,ESP32-ROOM-001,信工学院楼B024,29.3,59.0,Normal,无异常
2026-06-12 21:12:13,ESP32-ROOM-002,信工学院楼B205,30.3,50.0,Normal,无异常
2026-06-12 21:12:18,ESP32-ROOM-001,信工学院楼B024,28.3,57.0,Normal,无异常
2026-06-12 21:12:18,ESP32-ROOM-002,信工学院楼B205,30.8,57.0,Normal,无异常
2026-06-12 21:12:23,ESP32-ROOM-001,信工学院楼B024,28.0,56.0,Normal,无异常
2026-06-12 21:12:23,ESP32-ROOM-002,信工学院楼B205,30.8,86.0,Warning,湿度过高
2026-06-12 21:12:28,ESP32-ROOM-001,信工学院楼B024,28.4,56.0,Normal,无异常
2026-06-12 21:12:29,ESP32-ROOM-002,信工学院楼B205,31.1,89.0,Warning,湿度过高
2026-06-12 21:12:33,ESP32-ROOM-001,信工学院楼B024,28.8,55.0,Normal,无异常
2026-06-12 21:12:33,ESP32-ROOM-002,信工学院楼B205,31.5,91.0,Warning,湿度过高
2026-06-12 21:12:38,ESP32-ROOM-001,信工学院楼B024,28.5,54.0,Normal,无异常
2026-06-12 21:12:39,ESP32-ROOM-002,信工学院楼B205,31.9,91.0,Warning,湿度过高
2026-06-12 21:12:43,ESP32-ROOM-001,信工学院楼B024,28.1,54.0,Normal,无异常
2026-06-12 21:12:43,ESP32-ROOM-002,信工学院楼B205,31.1,91.0,Warning,湿度过高
2026-06-12 21:12:48,ESP32-ROOM-001,信工学院楼B024,28.1,53.0,Normal,无异常
2026-06-12 21:12:48,ESP32-ROOM-002,信工学院楼B205,31.7,90.0,Warning,湿度过高
2026-06-12 21:12:53,ESP32-ROOM-001,信工学院楼B024,28.8,52.0,Normal,无异常
2026-06-12 21:12:54,ESP32-ROOM-002,信工学院楼B205,30.3,89.0,Warning,湿度过高
2026-06-12 21:12:58,ESP32-ROOM-001,信工学院楼B024,28.9,52.0,Normal,无异常
2026-06-12 21:12:59,ESP32-ROOM-002,信工学院楼B205,30.7,87.0,Warning,湿度过高
2026-06-12 21:13:03,ESP32-ROOM-001,信工学院楼B024,28.7,52.0,Normal,无异常
2026-06-12 21:13:04,ESP32-ROOM-002,信工学院楼B205,30.6,85.0,Warning,湿度过高
2026-06-12 21:13:08,ESP32-ROOM-001,信工学院楼B024,28.1,51.0,Normal,无异常
2026-06-12 21:13:09,ESP32-ROOM-002,信工学院楼B205,30.8,82.0,Warning,湿度过高
2026-06-12 21:13:13,ESP32-ROOM-001,信工学院楼B024,28.5,51.0,Normal,无异常
2026-06-12 21:13:13,ESP32-ROOM-002,信工学院楼B205,30.9,79.0,Warning,湿度过高
2026-06-12 21:13:18,ESP32-ROOM-001,信工学院楼B024,28.4,51.0,Normal,无异常
2026-06-12 21:13:19,ESP32-ROOM-002,信工学院楼B205,30.4,74.0,Normal,无异常
2026-06-12 21:13:23,ESP32-ROOM-001,信工学院楼B024,28.7,50.0,Normal,无异常
2026-06-12 21:13:23,ESP32-ROOM-002,信工学院楼B205,30.7,68.0,Normal,无异常
2026-06-12 21:13:28,ESP32-ROOM-001,信工学院楼B024,28.9,51.0,Normal,无异常
2026-06-12 21:13:29,ESP32-ROOM-002,信工学院楼B205,30.5,63.0,Normal,无异常
2026-06-12 21:13:33,ESP32-ROOM-001,信工学院楼B024,28.5,51.0,Normal,无异常
2026-06-12 21:13:34,ESP32-ROOM-002,信工学院楼B205,30.3,59.0,Normal,无异常
2026-06-12 21:13:38,ESP32-ROOM-001,信工学院楼B024,28.6,51.0,Normal,无异常
2026-06-12 21:13:38,ESP32-ROOM-002,信工学院楼B205,30.8,57.0,Normal,无异常
2026-06-12 21:13:43,ESP32-ROOM-001,信工学院楼B024,28.7,51.0,Normal,无异常
2026-06-12 21:13:44,ESP32-ROOM-002,信工学院楼B205,30.7,56.0,Normal,无异常
2026-06-12 21:13:48,ESP32-ROOM-001,信工学院楼B024,28.9,50.0,Normal,无异常
2026-06-12 21:13:49,ESP32-ROOM-002,信工学院楼B205,30.1,54.0,Normal,无异常
2026-06-12 21:13:53,ESP32-ROOM-001,信工学院楼B024,28.9,52.0,Normal,无异常
2026-06-12 21:13:54,ESP32-ROOM-002,信工学院楼B205,30.1,53.0,Normal,无异常
2026-06-12 21:13:58,ESP32-ROOM-001,信工学院楼B024,28.1,52.0,Normal,无异常
2026-06-12 21:13:58,ESP32-ROOM-002,信工学院楼B205,30.3,53.0,Normal,无异常
2026-06-12 21:14:03,ESP32-ROOM-001,信工学院楼B024,28.7,52.0,Normal,无异常
2026-06-12 21:14:03,ESP32-ROOM-002,信工学院楼B205,30.8,53.0,Normal,无异常
2026-06-12 21:14:08,ESP32-ROOM-001,信工学院楼B024,28.1,52.0,Normal,无异常
2026-06-12 21:14:08,ESP32-ROOM-002,信工学院楼B205,30.6,53.0,Normal,无异常
2026-06-12 21:14:13,ESP32-ROOM-001,信工学院楼B024,28.8,53.0,Normal,无异常
2026-06-12 21:14:13,ESP32-ROOM-002,信工学院楼B205,30.6,52.0,Normal,无异常
2026-06-12 21:14:18,ESP32-ROOM-001,信工学院楼B024,28.0,53.0,Normal,无异常
2026-06-12 21:14:18,ESP32-ROOM-002,信工学院楼B205,30.0,52.0,Normal,无异常
2026-06-12 21:14:23,ESP32-ROOM-001,信工学院楼B024,28.9,53.0,Normal,无异常
2026-06-12 21:14:24,ESP32-ROOM-002,信工学院楼B205,30.3,52.0,Normal,无异常
2026-06-12 21:14:28,ESP32-ROOM-001,信工学院楼B024,28.1,53.0,Normal,无异常
2026-06-12 21:14:28,ESP32-ROOM-002,信工学院楼B205,30.0,52.0,Normal,无异常
2026-06-12 21:14:33,ESP32-ROOM-001,信工学院楼B024,28.8,52.0,Normal,无异常
2026-06-12 21:14:33,ESP32-ROOM-002,信工学院楼B205,30.7,52.0,Normal,无异常
2026-06-12 21:14:38,ESP32-ROOM-001,信工学院楼B024,28.5,52.0,Normal,无异常
2026-06-12 21:14:38,ESP32-ROOM-002,信工学院楼B205,30.7,51.0,Normal,无异常
2026-06-12 21:14:43,ESP32-ROOM-001,信工学院楼B024,28.3,52.0,Normal,无异常
2026-06-12 21:14:43,ESP32-ROOM-002,信工学院楼B205,30.6,51.0,Normal,无异常
2026-06-12 21:14:48,ESP32-ROOM-001,信工学院楼B024,28.2,52.0,Normal,无异常
2026-06-12 21:14:49,ESP32-ROOM-002,信工学院楼B205,30.9,51.0,Normal,无异常
2026-06-12 21:14:53,ESP32-ROOM-001,信工学院楼B024,28.6,52.0,Normal,无异常
2026-06-12 21:14:53,ESP32-ROOM-002,信工学院楼B205,30.1,52.0,Normal,无异常
2026-06-12 21:14:58,ESP32-ROOM-001,信工学院楼B024,28.9,52.0,Normal,无异常
2026-06-12 21:14:58,ESP32-ROOM-002,信工学院楼B205,30.8,51.0,Normal,无异常
2026-06-12 21:15:03,ESP32-ROOM-001,信工学院楼B024,28.7,52.0,Normal,无异常
2026-06-12 21:15:03,ESP32-ROOM-002,信工学院楼B205,30.2,51.0,Normal,无异常
2026-06-12 21:15:08,ESP32-ROOM-001,信工学院楼B024,28.1,51.0,Normal,无异常
2026-06-12 21:15:08,ESP32-ROOM-002,信工学院楼B205,30.9,51.0,Normal,无异常
2026-06-12 21:15:13,ESP32-ROOM-001,信工学院楼B024,28.3,52.0,Normal,无异常
2026-06-12 21:15:13,ESP32-ROOM-002,信工学院楼B205,30.0,52.0,Normal,无异常
2026-06-12 21:15:18,ESP32-ROOM-001,信工学院楼B024,28.0,51.0,Normal,无异常
2026-06-12 21:15:18,ESP32-ROOM-002,信工学院楼B205,30.9,51.0,Normal,无异常
2026-06-12 21:15:23,ESP32-ROOM-001,信工学院楼B024,28.8,51.0,Normal,无异常
2026-06-12 21:15:23,ESP32-ROOM-002,信工学院楼B205,30.7,51.0,Normal,无异常
2026-06-12 21:15:28,ESP32-ROOM-001,信工学院楼B024,28.2,51.0,Normal,无异常
2026-06-12 21:15:29,ESP32-ROOM-002,信工学院楼B205,30.2,50.0,Normal,无异常
2026-06-12 21:15:33,ESP32-ROOM-001,信工学院楼B024,28.4,51.0,Normal,无异常
2026-06-12 21:15:33,ESP32-ROOM-002,信工学院楼B205,30.3,51.0,Normal,无异常
2026-06-12 21:15:38,ESP32-ROOM-001,信工学院楼B024,28.6,51.0,Normal,无异常
2026-06-12 21:15:38,ESP32-ROOM-002,信工学院楼B205,30.9,51.0,Normal,无异常
2026-06-12 21:15:43,ESP32-ROOM-001,信工学院楼B024,28.2,52.0,Normal,无异常
2026-06-12 21:15:44,ESP32-ROOM-002,信工学院楼B205,30.7,51.0,Normal,无异常
2026-06-12 21:15:48,ESP32-ROOM-001,信工学院楼B024,28.4,52.0,Normal,无异常
2026-06-12 21:15:49,ESP32-ROOM-002,信工学院楼B205,30.0,51.0,Normal,无异常
2026-06-12 21:15:53,ESP32-ROOM-001,信工学院楼B024,28.0,52.0,Normal,无异常
2026-06-12 21:15:54,ESP32-ROOM-002,信工学院楼B205,30.9,51.0,Normal,无异常
2026-06-12 21:15:58,ESP32-ROOM-001,信工学院楼B024,28.8,53.0,Normal,无异常
2026-06-12 21:15:59,ESP32-ROOM-002,信工学院楼B205,30.5,51.0,Normal,无异常
2026-06-12 21:16:03,ESP32-ROOM-001,信工学院楼B024,28.8,52.0,Normal,无异常
2026-06-12 21:16:03,ESP32-ROOM-002,信工学院楼B205,30.2,51.0,Normal,无异常
2026-06-12 21:16:08,ESP32-ROOM-001,信工学院楼B024,28.1,51.0,Normal,无异常
2026-06-12 21:16:08,ESP32-ROOM-002,信工学院楼B205,30.8,51.0,Normal,无异常
2026-06-12 21:16:13,ESP32-ROOM-001,信工学院楼B024,28.8,51.0,Normal,无异常
2026-06-12 21:16:13,ESP32-ROOM-002,信工学院楼B205,30.5,50.0,Normal,无异常
2026-06-12 21:16:18,ESP32-ROOM-001,信工学院楼B024,28.3,51.0,Normal,无异常
2026-06-12 21:16:19,ESP32-ROOM-002,信工学院楼B205,30.1,50.0,Normal,无异常
2026-06-12 21:16:23,ESP32-ROOM-001,信工学院楼B024,28.1,51.0,Normal,无异常
2026-06-12 21:16:23,ESP32-ROOM-002,信工学院楼B205,30.1,51.0,Normal,无异常
2026-06-12 21:16:28,ESP32-ROOM-001,信工学院楼B024,28.1,50.0,Normal,无异常
2026-06-12 21:16:29,ESP32-ROOM-002,信工学院楼B205,30.6,50.0,Normal,无异常
2026-06-12 21:16:33,ESP32-ROOM-001,信工学院楼B024,28.3,50.0,Normal,无异常
2026-06-12 21:16:34,ESP32-ROOM-002,信工学院楼B205,30.1,50.0,Normal,无异常
2026-06-12 21:16:38,ESP32-ROOM-001,信工学院楼B024,28.1,52.0,Normal,无异常
2026-06-12 21:16:38,ESP32-ROOM-002,信工学院楼B205,30.0,51.0,Normal,无异常
2026-06-12 21:16:43,ESP32-ROOM-001,信工学院楼B024,28.8,52.0,Normal,无异常
2026-06-12 21:16:44,ESP32-ROOM-002,信工学院楼B205,30.0,50.0,Normal,无异常
2026-06-12 21:16:48,ESP32-ROOM-001,信工学院楼B024,28.0,52.0,Normal,无异常
2026-06-12 21:16:48,ESP32-ROOM-002,信工学院楼B205,30.1,50.0,Normal,无异常
2026-06-12 21:16:53,ESP32-ROOM-001,信工学院楼B024,28.6,51.0,Normal,无异常
2026-06-12 21:16:53,ESP32-ROOM-002,信工学院楼B205,30.4,50.0,Normal,无异常
2026-06-12 21:16:58,ESP32-ROOM-001,信工学院楼B024,28.9,51.0,Normal,无异常
2026-06-12 21:16:58,ESP32-ROOM-002,信工学院楼B205,30.5,50.0,Normal,无异常
2026-06-12 21:17:03,ESP32-ROOM-001,信工学院楼B024,28.8,51.0,Normal,无异常
2026-06-12 21:17:04,ESP32-ROOM-002,信工学院楼B205,30.7,50.0,Normal,无异常
2026-06-12 21:17:08,ESP32-ROOM-001,信工学院楼B024,28.2,51.0,Normal,无异常
2026-06-12 21:17:09,ESP32-ROOM-002,信工学院楼B205,30.8,50.0,Normal,无异常
2026-06-12 21:17:13,ESP32-ROOM-001,信工学院楼B024,28.1,50.0,Normal,无异常
2026-06-12 21:17:14,ESP32-ROOM-002,信工学院楼B205,30.6,50.0,Normal,无异常
2026-06-12 21:17:18,ESP32-ROOM-001,信工学院楼B024,28.1,50.0,Normal,无异常
2026-06-12 21:17:19,ESP32-ROOM-002,信工学院楼B205,30.0,50.0,Normal,无异常
2026-06-12 21:17:23,ESP32-ROOM-001,信工学院楼B024,28.7,50.0,Normal,无异常
2026-06-12 21:17:24,ESP32-ROOM-002,信工学院楼B205,30.6,49.0,Normal,无异常
2026-06-12 21:17:28,ESP32-ROOM-001,信工学院楼B024,28.6,49.0,Normal,无异常
2026-06-12 21:17:29,ESP32-ROOM-002,信工学院楼B205,30.2,49.0,Normal,无异常
2026-06-12 21:17:33,ESP32-ROOM-001,信工学院楼B024,28.1,50.0,Normal,无异常
2026-06-12 21:17:34,ESP32-ROOM-002,信工学院楼B205,30.8,50.0,Normal,无异常
2026-06-12 21:17:38,ESP32-ROOM-001,信工学院楼B024,28.0,49.0,Normal,无异常
2026-06-12 21:17:39,ESP32-ROOM-002,信工学院楼B205,30.5,49.0,Normal,无异常
2026-06-12 21:17:43,ESP32-ROOM-001,信工学院楼B024,28.4,49.0,Normal,无异常
2026-06-12 21:17:44,ESP32-ROOM-002,信工学院楼B205,30.9,49.0,Normal,无异常
2026-06-12 21:17:48,ESP32-ROOM-001,信工学院楼B024,28.7,49.0,Normal,无异常
2026-06-12 21:17:48,ESP32-ROOM-002,信工学院楼B205,30.4,49.0,Normal,无异常
2026-06-12 21:17:53,ESP32-ROOM-001,信工学院楼B024,28.3,49.0,Normal,无异常
2026-06-12 21:17:54,ESP32-ROOM-002,信工学院楼B205,30.3,49.0,Normal,无异常
2026-06-12 21:17:58,ESP32-ROOM-001,信工学院楼B024,28.5,49.0,Normal,无异常
2026-06-12 21:17:59,ESP32-ROOM-002,信工学院楼B205,30.2,49.0,Normal,无异常
2026-06-12 21:18:03,ESP32-ROOM-001,信工学院楼B024,28.3,49.0,Normal,无异常
2026-06-12 21:18:04,ESP32-ROOM-002,信工学院楼B205,30.0,49.0,Normal,无异常
2026-06-12 21:18:08,ESP32-ROOM-001,信工学院楼B024,28.7,49.0,Normal,无异常
2026-06-12 21:18:09,ESP32-ROOM-002,信工学院楼B205,30.0,49.0,Normal,无异常
2026-06-12 21:18:13,ESP32-ROOM-001,信工学院楼B024,28.5,49.0,Normal,无异常
2026-06-12 21:18:14,ESP32-ROOM-002,信工学院楼B205,30.3,49.0,Normal,无异常
2026-06-12 21:18:18,ESP32-ROOM-001,信工学院楼B024,28.1,49.0,Normal,无异常
2026-06-12 21:18:19,ESP32-ROOM-002,信工学院楼B205,30.9,49.0,Normal,无异常
2026-06-12 21:18:23,ESP32-ROOM-001,信工学院楼B024,28.9,49.0,Normal,无异常
2026-06-12 21:18:23,ESP32-ROOM-002,信工学院楼B205,30.7,49.0,Normal,无异常
2026-06-12 21:18:28,ESP32-ROOM-001,信工学院楼B024,28.9,49.0,Normal,无异常
2026-06-12 21:18:29,ESP32-ROOM-002,信工学院楼B205,30.8,49.0,Normal,无异常
2026-06-12 21:18:33,ESP32-ROOM-001,信工学院楼B024,28.0,49.0,Normal,无异常
2026-06-12 21:18:33,ESP32-ROOM-002,信工学院楼B205,30.7,48.0,Normal,无异常
2026-06-12 21:18:38,ESP32-ROOM-001,信工学院楼B024,28.3,49.0,Normal,无异常
2026-06-12 21:18:39,ESP32-ROOM-002,信工学院楼B205,30.6,48.0,Normal,无异常
2026-06-12 21:18:43,ESP32-ROOM-001,信工学院楼B024,28.6,49.0,Normal,无异常
2026-06-12 21:18:43,ESP32-ROOM-002,信工学院楼B205,30.8,49.0,Normal,无异常
2026-06-12 21:18:48,ESP32-ROOM-001,信工学院楼B024,28.1,49.0,Normal,无异常
2026-06-12 21:18:49,ESP32-ROOM-002,信工学院楼B205,30.8,48.0,Normal,无异常
2026-06-12 21:18:53,ESP32-ROOM-001,信工学院楼B024,28.7,49.0,Normal,无异常
2026-06-12 21:18:53,ESP32-ROOM-002,信工学院楼B205,30.2,48.0,Normal,无异常
2026-06-12 21:18:58,ESP32-ROOM-001,信工学院楼B024,28.5,49.0,Normal,无异常
2026-06-12 21:18:58,ESP32-ROOM-002,信工学院楼B205,30.2,48.0,Normal,无异常
2026-06-12 21:19:03,ESP32-ROOM-001,信工学院楼B024,28.3,49.0,Normal,无异常
2026-06-12 21:19:04,ESP32-ROOM-002,信工学院楼B205,30.0,48.0,Normal,无异常
2026-06-12 21:19:08,ESP32-ROOM-001,信工学院楼B024,28.6,49.0,Normal,无异常
2026-06-12 21:19:09,ESP32-ROOM-002,信工学院楼B205,30.7,49.0,Normal,无异常
2026-06-12 21:19:13,ESP32-ROOM-001,信工学院楼B024,28.9,49.0,Normal,无异常
2026-06-12 21:19:14,ESP32-ROOM-002,信工学院楼B205,30.7,49.0,Normal,无异常
2026-06-12 21:19:18,ESP32-ROOM-001,信工学院楼B024,28.2,49.0,Normal,无异常
2026-06-12 21:19:18,ESP32-ROOM-002,信工学院楼B205,30.0,49.0,Normal,无异常
2026-06-12 21:19:23,ESP32-ROOM-001,信工学院楼B024,28.3,50.0,Normal,无异常
2026-06-12 21:19:23,ESP32-ROOM-002,信工学院楼B205,30.7,50.0,Normal,无异常
2026-06-12 21:19:28,ESP32-ROOM-001,信工学院楼B024,28.1,50.0,Normal,无异常
2026-06-12 21:19:28,ESP32-ROOM-002,信工学院楼B205,30.2,49.0,Normal,无异常
2026-06-12 21:19:33,ESP32-ROOM-001,信工学院楼B024,28.6,78.0,Warning,湿度过高
2026-06-12 21:19:34,ESP32-ROOM-002,信工学院楼B205,30.5,50.0,Normal,无异常
2026-06-12 21:19:38,ESP32-ROOM-001,信工学院楼B024,28.1,82.0,Warning,湿度过高
2026-06-12 21:19:38,ESP32-ROOM-002,信工学院楼B205,30.5,73.0,Normal,无异常
2026-06-12 21:19:43,ESP32-ROOM-001,信工学院楼B024,29.6,82.0,Warning,湿度过高
2026-06-12 21:19:43,ESP32-ROOM-002,信工学院楼B205,30.5,80.0,Warning,湿度过高
2026-06-12 21:19:48,ESP32-ROOM-001,信工学院楼B024,29.4,78.0,Warning,湿度过高
2026-06-12 21:19:48,ESP32-ROOM-002,信工学院楼B205,30.3,76.0,Warning,湿度过高
2026-06-12 21:19:53,ESP32-ROOM-001,信工学院楼B024,28.5,75.0,Warning,湿度过高
2026-06-12 21:19:54,ESP32-ROOM-002,信工学院楼B205,30.2,86.0,Warning,湿度过高
2026-06-12 21:19:58,ESP32-ROOM-001,信工学院楼B024,28.3,70.0,Warning,湿度过高
2026-06-12 21:19:58,ESP32-ROOM-002,信工学院楼B205,31.2,89.0,Warning,湿度过高
2026-06-12 21:20:03,ESP32-ROOM-001,信工学院楼B024,28.1,69.0,Normal,无异常
2026-06-12 21:20:04,ESP32-ROOM-002,信工学院楼B205,31.9,87.0,Warning,湿度过高
2026-06-12 21:20:08,ESP32-ROOM-001,信工学院楼B024,29.5,76.0,Warning,湿度过高
2026-06-12 21:20:09,ESP32-ROOM-002,信工学院楼B205,30.7,85.0,Warning,湿度过高
2026-06-12 21:20:13,ESP32-ROOM-001,信工学院楼B024,30.1,86.0,Warning,温度过高、湿度过高
2026-06-12 21:20:13,ESP32-ROOM-002,信工学院楼B205,30.4,82.0,Warning,湿度过高
2026-06-12 21:20:18,ESP32-ROOM-001,信工学院楼B024,29.0,85.0,Warning,湿度过高
2026-06-12 21:20:19,ESP32-ROOM-002,信工学院楼B205,30.3,78.0,Warning,湿度过高
2026-06-12 21:20:23,ESP32-ROOM-001,信工学院楼B024,29.4,82.0,Warning,湿度过高
2026-06-12 21:20:24,ESP32-ROOM-002,信工学院楼B205,30.8,77.0,Warning,湿度过高
2026-06-12 21:20:28,ESP32-ROOM-001,信工学院楼B024,29.7,79.0,Warning,湿度过高
2026-06-12 21:20:29,ESP32-ROOM-002,信工学院楼B205,30.8,70.0,Normal,无异常
2026-06-12 21:20:33,ESP32-ROOM-001,信工学院楼B024,29.1,76.0,Warning,湿度过高
2026-06-12 21:20:34,ESP32-ROOM-002,信工学院楼B205,30.9,66.0,Normal,无异常
2026-06-12 21:20:38,ESP32-ROOM-001,信工学院楼B024,29.3,73.0,Warning,湿度过高
2026-06-12 21:20:39,ESP32-ROOM-002,信工学院楼B205,30.3,62.0,Normal,无异常
2026-06-12 21:20:43,ESP32-ROOM-001,信工学院楼B024,29.5,68.0,Normal,无异常
2026-06-12 21:20:43,ESP32-ROOM-002,信工学院楼B205,30.7,58.0,Normal,无异常
2026-06-12 21:20:48,ESP32-ROOM-001,信工学院楼B024,29.5,64.0,Normal,无异常
2026-06-12 21:20:49,ESP32-ROOM-002,信工学院楼B205,30.8,56.0,Normal,无异常
2026-06-12 21:20:53,ESP32-ROOM-001,信工学院楼B024,29.5,60.0,Normal,无异常
2026-06-12 21:20:54,ESP32-ROOM-002,信工学院楼B205,30.8,54.0,Normal,无异常
2026-06-12 21:20:58,ESP32-ROOM-001,信工学院楼B024,29.7,57.0,Normal,无异常
2026-06-12 21:20:59,ESP32-ROOM-002,信工学院楼B205,30.1,53.0,Normal,无异常
2026-06-12 21:21:03,ESP32-ROOM-001,信工学院楼B024,29.4,55.0,Normal,无异常
2026-06-12 21:21:04,ESP32-ROOM-002,信工学院楼B205,30.4,52.0,Normal,无异常
2026-06-12 21:21:09,ESP32-ROOM-002,信工学院楼B205,30.0,51.0,Normal,无异常
2026-06-12 21:21:11,ESP32-ROOM-001,信工学院楼B024,28.0,54.0,Normal,无异常
2026-06-12 21:21:13,ESP32-ROOM-001,信工学院楼B024,28.2,53.0,Normal,无异常
2026-06-12 21:21:14,ESP32-ROOM-002,信工学院楼B205,30.7,51.0,Normal,无异常
2026-06-12 21:21:18,ESP32-ROOM-001,信工学院楼B024,28.5,52.0,Normal,无异常
2026-06-12 21:21:19,ESP32-ROOM-002,信工学院楼B205,30.4,51.0,Normal,无异常
2026-06-12 21:21:23,ESP32-ROOM-001,信工学院楼B024,28.5,52.0,Normal,无异常
2026-06-12 21:21:24,ESP32-ROOM-002,信工学院楼B205,30.8,51.0,Normal,无异常
2026-06-12 21:21:28,ESP32-ROOM-001,信工学院楼B024,28.4,51.0,Normal,无异常
2026-06-12 21:21:29,ESP32-ROOM-002,信工学院楼B205,30.2,50.0,Normal,无异常
2026-06-12 21:21:33,ESP32-ROOM-001,信工学院楼B024,28.5,51.0,Normal,无异常
2026-06-12 21:21:34,ESP32-ROOM-002,信工学院楼B205,30.0,50.0,Normal,无异常
2026-06-12 21:21:38,ESP32-ROOM-001,信工学院楼B024,28.4,52.0,Normal,无异常
2026-06-12 21:21:39,ESP32-ROOM-002,信工学院楼B205,30.4,50.0,Normal,无异常
2026-06-12 21:21:43,ESP32-ROOM-001,信工学院楼B024,28.8,51.0,Normal,无异常
2026-06-12 21:21:44,ESP32-ROOM-002,信工学院楼B205,30.3,50.0,Normal,无异常
2026-06-12 21:21:53,ESP32-ROOM-002,信工学院楼B205,30.9,50.0,Normal,无异常
2026-06-12 21:21:54,ESP32-ROOM-002,信工学院楼B205,30.6,50.0,Normal,无异常
2026-06-12 21:21:54,ESP32-ROOM-001,信工学院楼B024,28.0,51.0,Normal,无异常
2026-06-12 21:21:55,ESP32-ROOM-001,信工学院楼B024,28.2,50.0,Normal,无异常
2026-06-12 21:21:59,ESP32-ROOM-002,信工学院楼B205,30.5,50.0,Normal,无异常
2026-06-12 21:22:01,ESP32-ROOM-001,信工学院楼B024,28.3,51.0,Normal,无异常
2026-06-12 21:22:04,ESP32-ROOM-002,信工学院楼B205,30.3,49.0,Normal,无异常
2026-06-12 21:22:06,ESP32-ROOM-001,信工学院楼B024,28.3,51.0,Normal,无异常
2026-06-12 21:22:09,ESP32-ROOM-002,信工学院楼B205,30.9,49.0,Normal,无异常
2026-06-12 21:22:10,ESP32-ROOM-001,信工学院楼B024,28.5,50.0,Normal,无异常
2026-06-12 21:22:14,ESP32-ROOM-002,信工学院楼B205,30.1,50.0,Normal,无异常
2026-06-12 21:22:16,ESP32-ROOM-001,信工学院楼B024,28.3,51.0,Normal,无异常
2026-06-12 21:22:19,ESP32-ROOM-002,信工学院楼B205,30.6,50.0,Normal,无异常
2026-06-12 21:22:20,ESP32-ROOM-001,信工学院楼B024,28.2,51.0,Normal,无异常
2026-06-12 21:22:25,ESP32-ROOM-002,信工学院楼B205,30.6,49.0,Normal,无异常
2026-06-12 21:22:26,ESP32-ROOM-001,信工学院楼B024,28.9,50.0,Normal,无异常
2026-06-12 21:22:29,ESP32-ROOM-002,信工学院楼B205,30.1,49.0,Normal,无异常
2026-06-12 21:22:31,ESP32-ROOM-001,信工学院楼B024,28.5,50.0,Normal,无异常
2026-06-12 21:22:34,ESP32-ROOM-002,信工学院楼B205,30.1,49.0,Normal,无异常
2026-06-12 21:22:36,ESP32-ROOM-001,信工学院楼B024,28.5,50.0,Normal,无异常
2026-06-12 21:22:39,ESP32-ROOM-002,信工学院楼B205,30.6,49.0,Normal,无异常
2026-06-12 21:22:41,ESP32-ROOM-001,信工学院楼B024,28.1,50.0,Normal,无异常
2026-06-12 21:22:43,ESP32-ROOM-002,信工学院楼B205,30.4,49.0,Normal,无异常
2026-06-12 21:22:47,ESP32-ROOM-001,信工学院楼B024,28.7,50.0,Normal,无异常
2026-06-12 21:22:49,ESP32-ROOM-002,信工学院楼B205,30.8,49.0,Normal,无异常
2026-06-12 21:22:51,ESP32-ROOM-001,信工学院楼B024,28.2,50.0,Normal,无异常
2026-06-12 21:22:55,ESP32-ROOM-002,信工学院楼B205,30.0,49.0,Normal,无异常
2026-06-12 21:22:56,ESP32-ROOM-001,信工学院楼B024,28.2,50.0,Normal,无异常
2026-06-12 21:22:59,ESP32-ROOM-002,信工学院楼B205,30.0,49.0,Normal,无异常
2026-06-12 21:23:01,ESP32-ROOM-001,信工学院楼B024,28.9,50.0,Normal,无异常
2026-06-12 21:23:04,ESP32-ROOM-002,信工学院楼B205,30.8,49.0,Normal,无异常
2026-06-12 21:23:06,ESP32-ROOM-001,信工学院楼B024,28.1,50.0,Normal,无异常
2026-06-12 21:23:10,ESP32-ROOM-002,信工学院楼B205,30.8,49.0,Normal,无异常
2026-06-12 21:23:10,ESP32-ROOM-001,信工学院楼B024,28.6,50.0,Normal,无异常
2026-06-12 21:23:14,ESP32-ROOM-002,信工学院楼B205,30.7,49.0,Normal,无异常
2026-06-12 21:23:16,ESP32-ROOM-001,信工学院楼B024,28.1,51.0,Normal,无异常
2026-06-12 21:23:19,ESP32-ROOM-002,信工学院楼B205,30.3,49.0,Normal,无异常
2026-06-12 21:23:20,ESP32-ROOM-001,信工学院楼B024,28.2,51.0,Normal,无异常
2026-06-12 21:23:24,ESP32-ROOM-002,信工学院楼B205,30.1,49.0,Normal,无异常
2026-06-12 21:23:25,ESP32-ROOM-001,信工学院楼B024,28.3,50.0,Normal,无异常
2026-06-12 21:23:29,ESP32-ROOM-002,信工学院楼B205,30.9,49.0,Normal,无异常
2026-06-12 21:23:30,ESP32-ROOM-001,信工学院楼B024,28.5,50.0,Normal,无异常
2026-06-12 21:23:34,ESP32-ROOM-002,信工学院楼B205,30.8,49.0,Normal,无异常
2026-06-12 21:23:35,ESP32-ROOM-001,信工学院楼B024,28.3,51.0,Normal,无异常
2026-06-12 21:23:39,ESP32-ROOM-002,信工学院楼B205,30.4,49.0,Normal,无异常
2026-06-12 21:23:40,ESP32-ROOM-001,信工学院楼B024,28.4,51.0,Normal,无异常
2026-06-12 21:23:45,ESP32-ROOM-002,信工学院楼B205,30.9,49.0,Normal,无异常
2026-06-12 21:23:45,ESP32-ROOM-001,信工学院楼B024,28.5,50.0,Normal,无异常
2026-06-12 21:23:49,ESP32-ROOM-002,信工学院楼B205,30.3,49.0,Normal,无异常
2026-06-12 21:23:50,ESP32-ROOM-001,信工学院楼B024,28.8,50.0,Normal,无异常
2026-06-12 21:23:54,ESP32-ROOM-002,信工学院楼B205,30.8,49.0,Normal,无异常
2026-06-12 21:23:55,ESP32-ROOM-001,信工学院楼B024,28.8,50.0,Normal,无异常
2026-06-12 21:23:59,ESP32-ROOM-002,信工学院楼B205,30.4,49.0,Normal,无异常
2026-06-12 21:24:00,ESP32-ROOM-001,信工学院楼B024,28.9,50.0,Normal,无异常
2026-06-12 21:24:04,ESP32-ROOM-002,信工学院楼B205,30.2,49.0,Normal,无异常
2026-06-12 21:24:05,ESP32-ROOM-001,信工学院楼B024,28.6,50.0,Normal,无异常
2026-06-12 21:24:09,ESP32-ROOM-002,信工学院楼B205,30.7,49.0,Normal,无异常
2026-06-12 21:24:10,ESP32-ROOM-001,信工学院楼B024,28.3,51.0,Normal,无异常
2026-06-12 21:24:14,ESP32-ROOM-002,信工学院楼B205,30.2,49.0,Normal,无异常
2026-06-12 21:24:15,ESP32-ROOM-001,信工学院楼B024,28.5,51.0,Normal,无异常
2026-06-12 21:24:19,ESP32-ROOM-002,信工学院楼B205,30.3,49.0,Normal,无异常
2026-06-12 21:24:20,ESP32-ROOM-001,信工学院楼B024,28.5,51.0,Normal,无异常
2026-06-12 21:24:24,ESP32-ROOM-002,信工学院楼B205,30.5,50.0,Normal,无异常
2026-06-12 21:24:25,ESP32-ROOM-001,信工学院楼B024,28.5,51.0,Normal,无异常
2026-06-12 21:24:29,ESP32-ROOM-002,信工学院楼B205,30.2,50.0,Normal,无异常
2026-06-12 21:24:30,ESP32-ROOM-001,信工学院楼B024,28.6,51.0,Normal,无异常
2026-06-12 21:24:34,ESP32-ROOM-002,信工学院楼B205,30.6,49.0,Normal,无异常
2026-06-12 21:24:35,ESP32-ROOM-001,信工学院楼B024,28.2,50.0,Normal,无异常
2026-06-12 21:24:39,ESP32-ROOM-002,信工学院楼B205,30.1,49.0,Normal,无异常
2026-06-12 21:24:40,ESP32-ROOM-001,信工学院楼B024,29.3,51.0,Normal,无异常
2026-06-12 21:24:44,ESP32-ROOM-002,信工学院楼B205,30.0,49.0,Normal,无异常
2026-06-12 21:24:45,ESP32-ROOM-001,信工学院楼B024,29.7,52.0,Normal,无异常
2026-06-12 21:24:49,ESP32-ROOM-002,信工学院楼B205,30.3,50.0,Normal,无异常
2026-06-12 21:24:50,ESP32-ROOM-001,信工学院楼B024,29.6,52.0,Normal,无异常
2026-06-12 21:24:54,ESP32-ROOM-002,信工学院楼B205,30.9,50.0,Normal,无异常
2026-06-12 21:24:55,ESP32-ROOM-001,信工学院楼B024,29.0,51.0,Normal,无异常
2026-06-12 21:24:59,ESP32-ROOM-002,信工学院楼B205,30.0,50.0,Normal,无异常
2026-06-12 21:25:00,ESP32-ROOM-001,信工学院楼B024,29.2,51.0,Normal,无异常
2026-06-12 21:25:15,ESP32-ROOM-001,信工学院楼B024,0.5,0.0,Normal,无异常
2026-06-12 21:25:20,ESP32-ROOM-001,信工学院楼B024,29.7,50.0,Normal,无异常
2026-06-12 21:25:25,ESP32-ROOM-001,信工学院楼B024,29.0,49.0,Normal,无异常
2026-06-12 21:25:30,ESP32-ROOM-001,信工学院楼B024,29.1,49.0,Normal,无异常
2026-06-12 21:25:57,ESP32-ROOM-001,信工学院楼B024,29.0,49.0,Normal,无异常
2026-06-12 21:26:02,ESP32-ROOM-001,信工学院楼B024,29.8,50.0,Normal,无异常
2026-06-12 21:26:07,ESP32-ROOM-001,信工学院楼B024,29.2,50.0,Normal,无异常
2026-06-12 21:26:12,ESP32-ROOM-001,信工学院楼B024,29.0,50.0,Normal,无异常
2026-06-12 21:26:17,ESP32-ROOM-001,信工学院楼B024,29.2,50.0,Normal,无异常
2026-06-12 21:26:22,ESP32-ROOM-001,信工学院楼B024,29.5,49.0,Normal,无异常
2026-06-12 21:26:27,ESP32-ROOM-001,信工学院楼B024,29.1,49.0,Normal,无异常
2026-06-12 21:26:32,ESP32-ROOM-001,信工学院楼B024,29.7,49.0,Normal,无异常
2026-06-12 21:26:33,ESP32-ROOM-002,信工学院楼B205,0.9,0.0,Normal,无异常
2026-06-12 21:26:37,ESP32-ROOM-001,信工学院楼B024,29.3,50.0,Normal,无异常
2026-06-12 21:26:38,ESP32-ROOM-002,信工学院楼B205,30.9,51.0,Normal,无异常
2026-06-12 21:26:42,ESP32-ROOM-001,信工学院楼B024,29.9,49.0,Normal,无异常
2026-06-12 21:26:43,ESP32-ROOM-002,信工学院楼B205,30.5,50.0,Normal,无异常
2026-06-12 21:26:47,ESP32-ROOM-001,信工学院楼B024,29.1,49.0,Normal,无异常
2026-06-12 21:26:48,ESP32-ROOM-002,信工学院楼B205,30.2,50.0,Normal,无异常
2026-06-12 21:26:52,ESP32-ROOM-001,信工学院楼B024,29.0,49.0,Normal,无异常
2026-06-12 21:26:53,ESP32-ROOM-002,信工学院楼B205,30.5,50.0,Normal,无异常
2026-06-12 21:26:57,ESP32-ROOM-001,信工学院楼B024,29.0,49.0,Normal,无异常
2026-06-12 21:26:58,ESP32-ROOM-002,信工学院楼B205,30.4,50.0,Normal,无异常
2026-06-12 21:27:02,ESP32-ROOM-001,信工学院楼B024,29.1,49.0,Normal,无异常
2026-06-12 21:27:03,ESP32-ROOM-002,信工学院楼B205,30.9,49.0,Normal,无异常
2026-06-12 21:27:07,ESP32-ROOM-001,信工学院楼B024,29.7,49.0,Normal,无异常
2026-06-12 21:27:08,ESP32-ROOM-002,信工学院楼B205,30.6,50.0,Normal,无异常
2026-06-12 21:27:12,ESP32-ROOM-001,信工学院楼B024,29.3,50.0,Normal,无异常
2026-06-12 21:27:13,ESP32-ROOM-002,信工学院楼B205,30.3,50.0,Normal,无异常
2026-06-12 21:27:17,ESP32-ROOM-001,信工学院楼B024,29.0,51.0,Normal,无异常
2026-06-12 21:27:18,ESP32-ROOM-002,信工学院楼B205,30.5,51.0,Normal,无异常
2026-06-12 21:27:22,ESP32-ROOM-001,信工学院楼B024,29.4,50.0,Normal,无异常
2026-06-12 21:27:23,ESP32-ROOM-002,信工学院楼B205,30.9,51.0,Normal,无异常
2026-06-12 21:27:27,ESP32-ROOM-001,信工学院楼B024,29.4,51.0,Normal,无异常
2026-06-12 21:27:28,ESP32-ROOM-002,信工学院楼B205,30.1,51.0,Normal,无异常
2026-06-12 21:27:32,ESP32-ROOM-001,信工学院楼B024,29.9,52.0,Normal,无异常
2026-06-12 21:27:33,ESP32-ROOM-002,信工学院楼B205,30.7,52.0,Normal,无异常
2026-06-12 21:27:37,ESP32-ROOM-001,信工学院楼B024,29.1,51.0,Normal,无异常
2026-06-12 21:27:38,ESP32-ROOM-002,信工学院楼B205,30.5,51.0,Normal,无异常
2026-06-12 21:27:42,ESP32-ROOM-001,信工学院楼B024,29.8,51.0,Normal,无异常
2026-06-12 21:27:43,ESP32-ROOM-002,信工学院楼B205,30.3,51.0,Normal,无异常
2026-06-12 21:27:47,ESP32-ROOM-001,信工学院楼B024,29.1,52.0,Normal,无异常
2026-06-12 21:27:48,ESP32-ROOM-002,信工学院楼B205,30.9,51.0,Normal,无异常
2026-06-12 21:27:52,ESP32-ROOM-001,信工学院楼B024,29.4,51.0,Normal,无异常
2026-06-12 21:27:53,ESP32-ROOM-002,信工学院楼B205,30.8,50.0,Normal,无异常
2026-06-12 21:27:57,ESP32-ROOM-001,信工学院楼B024,29.1,51.0,Normal,无异常
2026-06-12 21:27:58,ESP32-ROOM-002,信工学院楼B205,30.8,50.0,Normal,无异常
2026-06-12 21:28:02,ESP32-ROOM-001,信工学院楼B024,29.6,51.0,Normal,无异常
2026-06-12 21:28:03,ESP32-ROOM-002,信工学院楼B205,30.8,51.0,Normal,无异常
2026-06-12 21:28:07,ESP32-ROOM-001,信工学院楼B024,29.9,51.0,Normal,无异常
2026-06-12 21:28:08,ESP32-ROOM-002,信工学院楼B205,30.0,52.0,Normal,无异常
2026-06-12 21:28:12,ESP32-ROOM-001,信工学院楼B024,29.9,52.0,Normal,无异常
2026-06-12 21:28:13,ESP32-ROOM-002,信工学院楼B205,30.3,51.0,Normal,无异常
2026-06-12 21:28:17,ESP32-ROOM-001,信工学院楼B024,29.2,52.0,Normal,无异常
2026-06-12 21:28:18,ESP32-ROOM-002,信工学院楼B205,30.0,52.0,Normal,无异常
2026-06-12 21:28:22,ESP32-ROOM-001,信工学院楼B024,29.2,52.0,Normal,无异常
2026-06-12 21:28:23,ESP32-ROOM-002,信工学院楼B205,30.0,52.0,Normal,无异常
2026-06-12 21:28:27,ESP32-ROOM-001,信工学院楼B024,29.4,52.0,Normal,无异常
2026-06-12 21:28:28,ESP32-ROOM-002,信工学院楼B205,30.7,52.0,Normal,无异常
2026-06-12 21:28:32,ESP32-ROOM-001,信工学院楼B024,29.9,52.0,Normal,无异常
2026-06-12 21:28:33,ESP32-ROOM-002,信工学院楼B205,30.1,51.0,Normal,无异常
2026-06-12 21:28:37,ESP32-ROOM-001,信工学院楼B024,29.7,52.0,Normal,无异常
2026-06-12 21:28:38,ESP32-ROOM-002,信工学院楼B205,30.0,51.0,Normal,无异常
2026-06-12 21:28:42,ESP32-ROOM-001,信工学院楼B024,29.5,52.0,Normal,无异常
2026-06-12 21:28:43,ESP32-ROOM-002,信工学院楼B205,30.6,51.0,Normal,无异常
2026-06-12 21:28:47,ESP32-ROOM-001,信工学院楼B024,29.5,52.0,Normal,无异常
2026-06-12 21:28:48,ESP32-ROOM-002,信工学院楼B205,30.3,51.0,Normal,无异常
2026-06-12 21:28:52,ESP32-ROOM-001,信工学院楼B024,29.7,51.0,Normal,无异常
2026-06-12 21:28:53,ESP32-ROOM-002,信工学院楼B205,30.5,51.0,Normal,无异常
2026-06-12 21:28:57,ESP32-ROOM-001,信工学院楼B024,29.7,51.0,Normal,无异常
2026-06-12 21:28:58,ESP32-ROOM-002,信工学院楼B205,30.8,51.0,Normal,无异常
2026-06-12 21:29:02,ESP32-ROOM-001,信工学院楼B024,28.9,51.0,Normal,无异常
2026-06-12 21:29:03,ESP32-ROOM-002,信工学院楼B205,30.7,51.0,Normal,无异常
2026-06-12 21:29:07,ESP32-ROOM-001,信工学院楼B024,28.9,52.0,Normal,无异常
2026-06-12 21:29:08,ESP32-ROOM-002,信工学院楼B205,30.7,51.0,Normal,无异常
2026-06-12 21:29:12,ESP32-ROOM-001,信工学院楼B024,28.4,52.0,Normal,无异常
2026-06-12 21:29:13,ESP32-ROOM-002,信工学院楼B205,30.1,52.0,Normal,无异常
2026-06-12 21:29:17,ESP32-ROOM-001,信工学院楼B024,28.2,53.0,Normal,无异常
2026-06-12 21:29:18,ESP32-ROOM-002,信工学院楼B205,30.2,52.0,Normal,无异常
2026-06-12 21:29:22,ESP32-ROOM-001,信工学院楼B024,28.5,53.0,Normal,无异常
2026-06-12 21:29:23,ESP32-ROOM-002,信工学院楼B205,30.4,53.0,Normal,无异常
2026-06-12 21:29:27,ESP32-ROOM-001,信工学院楼B024,28.2,54.0,Normal,无异常
2026-06-12 21:29:28,ESP32-ROOM-002,信工学院楼B205,30.8,54.0,Normal,无异常
2026-06-12 21:29:32,ESP32-ROOM-001,信工学院楼B024,28.3,54.0,Normal,无异常
2026-06-12 21:29:33,ESP32-ROOM-002,信工学院楼B205,30.0,53.0,Normal,无异常
2026-06-12 21:29:37,ESP32-ROOM-001,信工学院楼B024,28.8,53.0,Normal,无异常
2026-06-12 21:29:38,ESP32-ROOM-002,信工学院楼B205,30.1,53.0,Normal,无异常
2026-06-12 21:29:42,ESP32-ROOM-001,信工学院楼B024,28.7,53.0,Normal,无异常
2026-06-12 21:29:43,ESP32-ROOM-002,信工学院楼B205,30.4,52.0,Normal,无异常
2026-06-12 21:29:47,ESP32-ROOM-001,信工学院楼B024,28.7,53.0,Normal,无异常
2026-06-12 21:29:48,ESP32-ROOM-002,信工学院楼B205,30.7,52.0,Normal,无异常
2026-06-12 21:29:52,ESP32-ROOM-001,信工学院楼B024,28.8,53.0,Normal,无异常
2026-06-12 21:29:53,ESP32-ROOM-002,信工学院楼B205,30.4,52.0,Normal,无异常
2026-06-12 21:29:57,ESP32-ROOM-001,信工学院楼B024,28.1,53.0,Normal,无异常
2026-06-12 21:29:58,ESP32-ROOM-002,信工学院楼B205,30.5,52.0,Normal,无异常
2026-06-12 21:30:02,ESP32-ROOM-001,信工学院楼B024,28.1,53.0,Normal,无异常
2026-06-12 21:30:03,ESP32-ROOM-002,信工学院楼B205,30.3,52.0,Normal,无异常
2026-06-12 21:30:07,ESP32-ROOM-001,信工学院楼B024,28.5,53.0,Normal,无异常
2026-06-12 21:30:08,ESP32-ROOM-002,信工学院楼B205,30.7,53.0,Normal,无异常
2026-06-12 21:30:12,ESP32-ROOM-001,信工学院楼B024,28.6,53.0,Normal,无异常
2026-06-12 21:30:13,ESP32-ROOM-002,信工学院楼B205,30.0,52.0,Normal,无异常
2026-06-12 21:30:17,ESP32-ROOM-001,信工学院楼B024,28.1,53.0,Normal,无异常
2026-06-12 21:30:18,ESP32-ROOM-002,信工学院楼B205,30.8,52.0,Normal,无异常
2026-06-12 21:30:22,ESP32-ROOM-001,信工学院楼B024,28.4,52.0,Normal,无异常
2026-06-12 21:30:23,ESP32-ROOM-002,信工学院楼B205,30.8,51.0,Normal,无异常
2026-06-12 21:30:27,ESP32-ROOM-001,信工学院楼B024,28.1,53.0,Normal,无异常
2026-06-12 21:30:28,ESP32-ROOM-002,信工学院楼B205,30.9,53.0,Normal,无异常
2026-06-12 21:30:32,ESP32-ROOM-001,信工学院楼B024,28.1,54.0,Normal,无异常
2026-06-12 21:30:33,ESP32-ROOM-002,信工学院楼B205,30.7,53.0,Normal,无异常
2026-06-12 21:30:37,ESP32-ROOM-001,信工学院楼B024,28.0,53.0,Normal,无异常
2026-06-12 21:30:38,ESP32-ROOM-002,信工学院楼B205,30.4,52.0,Normal,无异常
2026-06-12 21:30:42,ESP32-ROOM-001,信工学院楼B024,28.7,53.0,Normal,无异常
2026-06-12 21:30:43,ESP32-ROOM-002,信工学院楼B205,30.3,52.0,Normal,无异常
2026-06-12 21:30:47,ESP32-ROOM-001,信工学院楼B024,28.8,53.0,Normal,无异常
2026-06-12 21:30:48,ESP32-ROOM-002,信工学院楼B205,30.4,52.0,Normal,无异常
2026-06-12 21:30:52,ESP32-ROOM-001,信工学院楼B024,28.0,53.0,Normal,无异常
2026-06-12 21:30:53,ESP32-ROOM-002,信工学院楼B205,30.6,52.0,Normal,无异常
2026-06-12 21:30:57,ESP32-ROOM-001,信工学院楼B024,28.8,53.0,Normal,无异常
2026-06-12 21:30:58,ESP32-ROOM-002,信工学院楼B205,30.1,51.0,Normal,无异常
2026-06-12 21:31:02,ESP32-ROOM-001,信工学院楼B024,28.3,53.0,Normal,无异常
2026-06-12 21:31:03,ESP32-ROOM-002,信工学院楼B205,30.5,52.0,Normal,无异常
2026-06-12 21:31:07,ESP32-ROOM-001,信工学院楼B024,28.1,53.0,Normal,无异常
2026-06-12 21:31:08,ESP32-ROOM-002,信工学院楼B205,30.5,52.0,Normal,无异常
2026-06-12 21:31:12,ESP32-ROOM-001,信工学院楼B024,28.9,54.0,Normal,无异常
2026-06-12 21:31:13,ESP32-ROOM-002,信工学院楼B205,30.5,52.0,Normal,无异常
2026-06-12 21:45:10,ESP32-ROOM-001,信工学院楼B024,0.5,0.0,Normal,无异常
2026-06-12 21:45:15,ESP32-ROOM-001,信工学院楼B024,28.6,55.0,Warning,温度过高
2026-06-12 21:45:20,ESP32-ROOM-001,信工学院楼B024,28.2,54.0,Warning,温度过高
2026-06-12 21:45:25,ESP32-ROOM-001,信工学院楼B024,28.2,54.0,Warning,温度过高
2026-06-12 21:45:30,ESP32-ROOM-001,信工学院楼B024,28.5,53.0,Warning,温度过高
2026-06-12 21:45:35,ESP32-ROOM-001,信工学院楼B024,28.9,53.0,Warning,温度过高
2026-06-12 21:45:40,ESP32-ROOM-001,信工学院楼B024,28.0,53.0,Warning,温度过高
2026-06-12 21:45:45,ESP32-ROOM-001,信工学院楼B024,28.6,53.0,Warning,温度过高
2026-06-12 21:45:50,ESP32-ROOM-001,信工学院楼B024,28.2,54.0,Warning,温度过高
2026-06-12 21:45:55,ESP32-ROOM-001,信工学院楼B024,28.0,54.0,Warning,温度过高
2026-06-12 21:46:00,ESP32-ROOM-001,信工学院楼B024,28.0,54.0,Warning,温度过高
2026-06-12 21:46:05,ESP32-ROOM-001,信工学院楼B024,28.9,54.0,Warning,温度过高
2026-06-12 21:46:10,ESP32-ROOM-001,信工学院楼B024,28.3,53.0,Warning,温度过高
2026-06-12 21:46:15,ESP32-ROOM-001,信工学院楼B024,28.1,53.0,Warning,温度过高
2026-06-12 21:46:20,ESP32-ROOM-001,信工学院楼B024,28.0,53.0,Warning,温度过高
2026-06-12 21:46:25,ESP32-ROOM-001,信工学院楼B024,28.6,55.0,Warning,温度过高
2026-06-12 21:46:30,ESP32-ROOM-001,信工学院楼B024,28.2,55.0,Warning,温度过高
2026-06-12 21:46:35,ESP32-ROOM-001,信工学院楼B024,28.4,54.0,Warning,温度过高
2026-06-12 21:46:40,ESP32-ROOM-001,信工学院楼B024,28.9,54.0,Warning,温度过高
2026-06-12 21:46:45,ESP32-ROOM-001,信工学院楼B024,28.4,54.0,Warning,温度过高
2026-06-12 21:46:50,ESP32-ROOM-001,信工学院楼B024,28.3,55.0,Warning,温度过高
2026-06-12 21:46:55,ESP32-ROOM-001,信工学院楼B024,28.2,54.0,Warning,温度过高
2026-06-12 21:47:00,ESP32-ROOM-001,信工学院楼B024,28.9,53.0,Warning,温度过高
2026-06-12 21:47:05,ESP32-ROOM-001,信工学院楼B024,28.2,53.0,Warning,温度过高
2026-06-12 21:47:10,ESP32-ROOM-001,信工学院楼B024,28.9,53.0,Warning,温度过高
2026-06-12 21:47:15,ESP32-ROOM-001,信工学院楼B024,28.1,53.0,Warning,温度过高
2026-06-12 21:47:20,ESP32-ROOM-001,信工学院楼B024,28.3,53.0,Warning,温度过高
2026-06-12 21:47:25,ESP32-ROOM-001,信工学院楼B024,28.9,53.0,Warning,温度过高
2026-06-12 21:47:30,ESP32-ROOM-001,信工学院楼B024,28.1,53.0,Warning,温度过高
2026-06-12 21:47:35,ESP32-ROOM-001,信工学院楼B024,28.7,53.0,Warning,温度过高
2026-06-12 21:47:40,ESP32-ROOM-001,信工学院楼B024,28.0,53.0,Warning,温度过高
2026-06-12 21:47:45,ESP32-ROOM-001,信工学院楼B024,28.9,53.0,Warning,温度过高
2026-06-12 21:47:50,ESP32-ROOM-001,信工学院楼B024,28.8,54.0,Warning,温度过高
2026-06-12 21:47:55,ESP32-ROOM-001,信工学院楼B024,28.4,53.0,Warning,温度过高
2026-06-12 21:48:00,ESP32-ROOM-001,信工学院楼B024,28.2,53.0,Warning,温度过高
2026-06-12 21:48:05,ESP32-ROOM-001,信工学院楼B024,28.2,54.0,Warning,温度过高
2026-06-12 21:48:10,ESP32-ROOM-001,信工学院楼B024,28.2,53.0,Warning,温度过高
2026-06-12 21:48:15,ESP32-ROOM-001,信工学院楼B024,28.9,53.0,Warning,温度过高
2026-06-12 21:48:20,ESP32-ROOM-001,信工学院楼B024,28.4,53.0,Warning,温度过高
2026-06-12 21:48:25,ESP32-ROOM-001,信工学院楼B024,28.5,53.0,Warning,温度过高
2026-06-12 21:48:30,ESP32-ROOM-001,信工学院楼B024,28.2,53.0,Warning,温度过高
2026-06-12 21:48:35,ESP32-ROOM-001,信工学院楼B024,28.7,53.0,Warning,温度过高
2026-06-12 21:48:40,ESP32-ROOM-001,信工学院楼B024,28.5,52.0,Warning,温度过高
2026-06-12 21:48:45,ESP32-ROOM-001,信工学院楼B024,28.7,52.0,Warning,温度过高
2026-06-12 21:48:50,ESP32-ROOM-001,信工学院楼B024,28.5,52.0,Warning,温度过高
2026-06-12 21:48:55,ESP32-ROOM-001,信工学院楼B024,28.4,53.0,Warning,温度过高
2026-06-12 21:49:00,ESP32-ROOM-001,信工学院楼B024,28.0,52.0,Warning,温度过高
2026-06-12 21:49:05,ESP32-ROOM-001,信工学院楼B024,28.9,52.0,Warning,温度过高
2026-06-12 21:49:10,ESP32-ROOM-001,信工学院楼B024,28.5,52.0,Warning,温度过高
2026-06-12 21:49:15,ESP32-ROOM-001,信工学院楼B024,28.8,53.0,Warning,温度过高
2026-06-12 21:49:20,ESP32-ROOM-001,信工学院楼B024,28.6,53.0,Warning,温度过高
2026-06-12 21:49:25,ESP32-ROOM-001,信工学院楼B024,28.4,53.0,Warning,温度过高
2026-06-12 21:49:30,ESP32-ROOM-001,信工学院楼B024,28.4,53.0,Warning,温度过高
2026-06-12 21:49:35,ESP32-ROOM-001,信工学院楼B024,28.0,52.0,Warning,温度过高
2026-06-12 21:49:40,ESP32-ROOM-001,信工学院楼B024,28.9,53.0,Warning,温度过高
2026-06-12 21:49:45,ESP32-ROOM-001,信工学院楼B024,28.9,53.0,Warning,温度过高
2026-06-12 21:49:50,ESP32-ROOM-001,信工学院楼B024,28.5,53.0,Warning,温度过高
2026-06-12 21:49:55,ESP32-ROOM-001,信工学院楼B024,28.6,53.0,Warning,温度过高
2026-06-12 21:50:00,ESP32-ROOM-001,信工学院楼B024,28.0,53.0,Warning,温度过高
2026-06-12 21:50:05,ESP32-ROOM-001,信工学院楼B024,28.8,53.0,Warning,温度过高
2026-06-12 21:50:10,ESP32-ROOM-001,信工学院楼B024,28.3,53.0,Warning,温度过高
2026-06-12 21:50:15,ESP32-ROOM-001,信工学院楼B024,28.5,53.0,Warning,温度过高
2026-06-12 21:50:20,ESP32-ROOM-001,信工学院楼B024,28.0,53.0,Warning,温度过高
2026-06-12 21:50:25,ESP32-ROOM-001,信工学院楼B024,28.6,53.0,Warning,温度过高
2026-06-12 21:50:30,ESP32-ROOM-001,信工学院楼B024,28.1,52.0,Warning,温度过高
2026-06-12 21:50:35,ESP32-ROOM-001,信工学院楼B024,28.3,52.0,Warning,温度过高
2026-06-12 21:50:40,ESP32-ROOM-001,信工学院楼B024,28.3,51.0,Warning,温度过高
2026-06-12 21:50:45,ESP32-ROOM-001,信工学院楼B024,28.2,51.0,Warning,温度过高
2026-06-12 21:50:50,ESP32-ROOM-001,信工学院楼B024,28.6,51.0,Warning,温度过高
2026-06-12 21:50:55,ESP32-ROOM-001,信工学院楼B024,28.6,52.0,Warning,温度过高
2026-06-12 21:51:00,ESP32-ROOM-001,信工学院楼B024,28.9,52.0,Warning,温度过高
2026-06-12 21:51:05,ESP32-ROOM-001,信工学院楼B024,28.2,52.0,Warning,温度过高
2026-06-12 21:51:10,ESP32-ROOM-001,信工学院楼B024,28.4,52.0,Warning,温度过高
2026-06-12 21:51:15,ESP32-ROOM-001,信工学院楼B024,28.6,51.0,Warning,温度过高
2026-06-12 21:51:20,ESP32-ROOM-001,信工学院楼B024,28.9,51.0,Warning,温度过高
2026-06-12 21:51:25,ESP32-ROOM-001,信工学院楼B024,28.9,51.0,Warning,温度过高
2026-06-12 21:51:30,ESP32-ROOM-001,信工学院楼B024,28.0,51.0,Warning,温度过高
2026-06-12 21:51:35,ESP32-ROOM-001,信工学院楼B024,28.1,51.0,Warning,温度过高
2026-06-12 21:51:40,ESP32-ROOM-001,信工学院楼B024,28.7,50.0,Warning,温度过高
2026-06-12 21:51:45,ESP32-ROOM-001,信工学院楼B024,28.9,50.0,Warning,温度过高
2026-06-12 21:51:50,ESP32-ROOM-001,信工学院楼B024,28.7,50.0,Warning,温度过高
2026-06-12 21:51:55,ESP32-ROOM-001,信工学院楼B024,28.5,51.0,Warning,温度过高
2026-06-12 21:52:00,ESP32-ROOM-001,信工学院楼B024,28.4,51.0,Warning,温度过高
2026-06-12 21:52:05,ESP32-ROOM-001,信工学院楼B024,28.7,51.0,Warning,温度过高
2026-06-12 21:52:10,ESP32-ROOM-001,信工学院楼B024,28.9,51.0,Warning,温度过高
2026-06-12 21:52:15,ESP32-ROOM-001,信工学院楼B024,28.4,51.0,Warning,温度过高
2026-06-12 21:52:20,ESP32-ROOM-001,信工学院楼B024,28.9,51.0,Warning,温度过高
2026-06-12 21:52:25,ESP32-ROOM-001,信工学院楼B024,28.3,51.0,Warning,温度过高
2026-06-12 21:52:30,ESP32-ROOM-001,信工学院楼B024,28.8,50.0,Warning,温度过高
2026-06-12 21:52:35,ESP32-ROOM-001,信工学院楼B024,28.1,50.0,Warning,温度过高
2026-06-12 21:52:40,ESP32-ROOM-001,信工学院楼B024,28.0,50.0,Warning,温度过高
2026-06-12 21:52:45,ESP32-ROOM-001,信工学院楼B024,28.3,50.0,Warning,温度过高
2026-06-12 21:52:50,ESP32-ROOM-001,信工学院楼B024,28.4,51.0,Warning,温度过高
2026-06-12 21:52:55,ESP32-ROOM-001,信工学院楼B024,28.6,51.0,Warning,温度过高
2026-06-12 21:53:00,ESP32-ROOM-001,信工学院楼B024,28.2,51.0,Warning,温度过高
2026-06-12 21:53:05,ESP32-ROOM-001,信工学院楼B024,28.4,51.0,Warning,温度过高
2026-06-12 21:53:10,ESP32-ROOM-001,信工学院楼B024,28.8,51.0,Warning,温度过高
2026-06-12 21:53:15,ESP32-ROOM-001,信工学院楼B024,28.4,52.0,Warning,温度过高
2026-06-12 21:53:20,ESP32-ROOM-001,信工学院楼B024,28.8,51.0,Warning,温度过高
2026-06-12 21:53:25,ESP32-ROOM-001,信工学院楼B024,28.4,51.0,Warning,温度过高
2026-06-12 21:53:30,ESP32-ROOM-001,信工学院楼B024,28.8,51.0,Warning,温度过高
2026-06-12 21:53:35,ESP32-ROOM-001,信工学院楼B024,28.3,51.0,Warning,温度过高
2026-06-12 21:53:40,ESP32-ROOM-001,信工学院楼B024,28.5,51.0,Warning,温度过高
2026-06-12 21:53:45,ESP32-ROOM-001,信工学院楼B024,28.9,51.0,Warning,温度过高
2026-06-12 21:53:50,ESP32-ROOM-001,信工学院楼B024,28.8,51.0,Warning,温度过高
2026-06-12 21:53:55,ESP32-ROOM-001,信工学院楼B024,28.6,51.0,Warning,温度过高
2026-06-12 21:54:00,ESP32-ROOM-001,信工学院楼B024,28.0,52.0,Warning,温度过高
2026-06-12 21:54:05,ESP32-ROOM-001,信工学院楼B024,28.5,53.0,Warning,温度过高
2026-06-12 21:54:10,ESP32-ROOM-001,信工学院楼B024,28.9,53.0,Warning,温度过高
2026-06-12 21:54:15,ESP32-ROOM-001,信工学院楼B024,28.4,53.0,Warning,温度过高
2026-06-12 21:54:20,ESP32-ROOM-001,信工学院楼B024,28.9,53.0,Warning,温度过高
2026-06-12 21:54:25,ESP32-ROOM-001,信工学院楼B024,28.7,53.0,Warning,温度过高
2026-06-12 21:54:30,ESP32-ROOM-001,信工学院楼B024,28.5,52.0,Warning,温度过高
2026-06-12 21:54:35,ESP32-ROOM-001,信工学院楼B024,28.2,53.0,Warning,温度过高
2026-06-12 21:54:41,ESP32-ROOM-001,信工学院楼B024,28.5,52.0,Warning,温度过高
2026-06-12 21:54:45,ESP32-ROOM-001,信工学院楼B024,28.4,52.0,Warning,温度过高
2026-06-12 21:54:50,ESP32-ROOM-001,信工学院楼B024,28.2,51.0,Warning,温度过高
2026-06-12 21:54:55,ESP32-ROOM-001,信工学院楼B024,28.8,51.0,Warning,温度过高
2026-06-12 21:55:00,ESP32-ROOM-001,信工学院楼B024,28.6,51.0,Warning,温度过高
2026-06-12 21:55:05,ESP32-ROOM-001,信工学院楼B024,28.8,51.0,Warning,温度过高
2026-06-12 21:55:10,ESP32-ROOM-001,信工学院楼B024,28.5,51.0,Warning,温度过高
2026-06-12 21:55:15,ESP32-ROOM-001,信工学院楼B024,28.9,50.0,Warning,温度过高
2026-06-12 21:55:20,ESP32-ROOM-001,信工学院楼B024,28.4,51.0,Warning,温度过高
2026-06-12 21:55:25,ESP32-ROOM-001,信工学院楼B024,28.8,50.0,Warning,温度过高
2026-06-12 21:55:30,ESP32-ROOM-001,信工学院楼B024,28.0,50.0,Warning,温度过高
2026-06-12 21:55:35,ESP32-ROOM-001,信工学院楼B024,28.9,51.0,Warning,温度过高
2026-06-12 21:55:40,ESP32-ROOM-001,信工学院楼B024,28.6,50.0,Warning,温度过高
2026-06-14 12:03:55,ESP32-ROOM-001,信工学院楼B024,0.5,0.0,Normal,无异常
2026-06-14 12:04:00,ESP32-ROOM-001,信工学院楼B024,27.9,51.0,Normal,无异常
2026-06-14 12:04:05,ESP32-ROOM-001,信工学院楼B024,27.4,51.0,Normal,无异常
2026-06-14 12:04:10,ESP32-ROOM-001,信工学院楼B024,27.3,50.0,Normal,无异常
2026-06-14 12:04:15,ESP32-ROOM-001,信工学院楼B024,28.5,50.0,Warning,温度过高
2026-06-14 12:04:20,ESP32-ROOM-001,信工学院楼B024,28.3,50.0,Warning,温度过高
2026-06-14 12:04:25,ESP32-ROOM-001,信工学院楼B024,28.0,50.0,Warning,温度过高
2026-06-14 12:04:30,ESP32-ROOM-001,信工学院楼B024,28.8,50.0,Warning,温度过高
2026-06-14 12:04:35,ESP32-ROOM-001,信工学院楼B024,28.0,50.0,Warning,温度过高
2026-06-14 12:04:40,ESP32-ROOM-001,信工学院楼B024,28.5,50.0,Warning,温度过高
2026-06-14 12:04:45,ESP32-ROOM-001,信工学院楼B024,28.8,50.0,Warning,温度过高
2026-06-14 12:05:15,ESP32-ROOM-001,信工学院楼B024,28.8,50.0,Normal,无异常
2026-06-14 12:05:20,ESP32-ROOM-001,信工学院楼B024,28.7,50.0,Normal,无异常
2026-06-14 12:05:25,ESP32-ROOM-001,信工学院楼B024,28.0,50.0,Normal,无异常
2026-06-14 12:05:30,ESP32-ROOM-001,信工学院楼B024,28.1,50.0,Normal,无异常
2026-06-14 12:05:35,ESP32-ROOM-001,信工学院楼B024,28.2,50.0,Normal,无异常
2026-06-14 12:05:40,ESP32-ROOM-001,信工学院楼B024,28.2,50.0,Normal,无异常
2026-06-14 12:05:45,ESP32-ROOM-001,信工学院楼B024,28.0,50.0,Normal,无异常
2026-06-14 12:05:50,ESP32-ROOM-001,信工学院楼B024,28.2,50.0,Normal,无异常
2026-06-14 12:05:55,ESP32-ROOM-001,信工学院楼B024,28.7,50.0,Normal,无异常
2026-06-14 12:06:00,ESP32-ROOM-001,信工学院楼B024,28.5,50.0,Normal,无异常
2026-06-14 12:06:05,ESP32-ROOM-001,信工学院楼B024,28.0,49.0,Normal,无异常
2026-06-14 12:06:10,ESP32-ROOM-001,信工学院楼B024,28.0,50.0,Normal,无异常
2026-06-14 12:06:15,ESP32-ROOM-001,信工学院楼B024,28.5,49.0,Normal,无异常
2026-06-14 12:06:20,ESP32-ROOM-001,信工学院楼B024,28.4,49.0,Normal,无异常
2026-06-14 12:06:25,ESP32-ROOM-001,信工学院楼B024,28.7,50.0,Normal,无异常
2026-06-14 12:06:30,ESP32-ROOM-001,信工学院楼B024,28.4,49.0,Normal,无异常
2026-06-14 12:06:35,ESP32-ROOM-001,信工学院楼B024,28.2,49.0,Normal,无异常
2026-06-14 12:06:40,ESP32-ROOM-001,信工学院楼B024,28.6,50.0,Normal,无异常
2026-06-14 12:06:45,ESP32-ROOM-001,信工学院楼B024,28.9,49.0,Normal,无异常
2026-06-14 12:06:50,ESP32-ROOM-001,信工学院楼B024,28.5,49.0,Normal,无异常
2026-06-14 12:06:55,ESP32-ROOM-001,信工学院楼B024,28.5,50.0,Normal,无异常
2026-06-14 12:07:00,ESP32-ROOM-001,信工学院楼B024,28.1,49.0,Normal,无异常
2026-06-14 12:07:05,ESP32-ROOM-001,信工学院楼B024,28.5,49.0,Normal,无异常
2026-06-14 12:07:10,ESP32-ROOM-001,信工学院楼B024,28.4,49.0,Normal,无异常
2026-06-14 12:07:15,ESP32-ROOM-001,信工学院楼B024,28.9,49.0,Normal,无异常
2026-06-14 12:07:20,ESP32-ROOM-001,信工学院楼B024,28.5,49.0,Normal,无异常
2026-06-14 12:07:25,ESP32-ROOM-001,信工学院楼B024,28.9,49.0,Normal,无异常
2026-06-14 12:07:30,ESP32-ROOM-001,信工学院楼B024,28.6,49.0,Normal,无异常
2026-06-14 12:07:35,ESP32-ROOM-001,信工学院楼B024,28.2,49.0,Normal,无异常
2026-06-14 12:07:40,ESP32-ROOM-001,信工学院楼B024,28.8,49.0,Normal,无异常
2026-06-14 12:07:45,ESP32-ROOM-001,信工学院楼B024,28.8,49.0,Normal,无异常
2026-06-14 12:07:50,ESP32-ROOM-001,信工学院楼B024,28.1,49.0,Normal,无异常
2026-06-14 12:07:55,ESP32-ROOM-001,信工学院楼B024,28.4,49.0,Normal,无异常
2026-06-14 12:08:00,ESP32-ROOM-001,信工学院楼B024,28.8,49.0,Normal,无异常
2026-06-14 12:08:05,ESP32-ROOM-001,信工学院楼B024,28.1,49.0,Normal,无异常
2026-06-14 12:08:10,ESP32-ROOM-001,信工学院楼B024,28.7,49.0,Normal,无异常
2026-06-14 12:08:15,ESP32-ROOM-001,信工学院楼B024,28.1,49.0,Normal,无异常
2026-06-14 12:08:20,ESP32-ROOM-001,信工学院楼B024,28.6,49.0,Normal,无异常
2026-06-14 12:08:25,ESP32-ROOM-001,信工学院楼B024,28.3,49.0,Normal,无异常
2026-06-14 12:08:30,ESP32-ROOM-001,信工学院楼B024,28.2,49.0,Normal,无异常
2026-06-14 12:08:35,ESP32-ROOM-001,信工学院楼B024,27.2,50.0,Normal,无异常
2026-06-14 12:08:40,ESP32-ROOM-001,信工学院楼B024,27.5,50.0,Normal,无异常
2026-06-14 12:08:45,ESP32-ROOM-001,信工学院楼B024,27.6,50.0,Normal,无异常
2026-06-14 12:08:50,ESP32-ROOM-001,信工学院楼B024,27.7,50.0,Normal,无异常
2026-06-14 12:08:55,ESP32-ROOM-001,信工学院楼B024,27.9,50.0,Normal,无异常
2026-06-14 12:09:00,ESP32-ROOM-001,信工学院楼B024,27.2,50.0,Normal,无异常
2026-06-14 12:09:05,ESP32-ROOM-001,信工学院楼B024,27.6,50.0,Normal,无异常
2026-06-14 12:09:10,ESP32-ROOM-001,信工学院楼B024,27.0,50.0,Normal,无异常
2026-06-14 12:09:15,ESP32-ROOM-001,信工学院楼B024,27.7,50.0,Normal,无异常
2026-06-14 12:09:20,ESP32-ROOM-001,信工学院楼B024,27.9,50.0,Normal,无异常
2026-06-14 12:09:25,ESP32-ROOM-001,信工学院楼B024,27.1,50.0,Normal,无异常
2026-06-14 12:09:30,ESP32-ROOM-001,信工学院楼B024,27.0,50.0,Normal,无异常
2026-06-14 12:09:35,ESP32-ROOM-001,信工学院楼B024,27.6,50.0,Normal,无异常
2026-06-14 12:09:40,ESP32-ROOM-001,信工学院楼B024,27.7,50.0,Normal,无异常
2026-06-14 12:09:45,ESP32-ROOM-001,信工学院楼B024,27.9,50.0,Normal,无异常
2026-06-14 12:09:50,ESP32-ROOM-001,信工学院楼B024,27.9,50.0,Normal,无异常
2026-06-14 12:09:55,ESP32-ROOM-001,信工学院楼B024,27.0,50.0,Normal,无异常
2026-06-14 12:10:00,ESP32-ROOM-001,信工学院楼B024,27.5,50.0,Normal,无异常
2026-06-14 12:10:05,ESP32-ROOM-001,信工学院楼B024,27.1,50.0,Normal,无异常
2026-06-14 12:10:10,ESP32-ROOM-001,信工学院楼B024,27.8,50.0,Normal,无异常
2026-06-14 12:10:15,ESP32-ROOM-001,信工学院楼B024,27.4,50.0,Normal,无异常
2026-06-14 12:10:20,ESP32-ROOM-001,信工学院楼B024,27.7,50.0,Normal,无异常
2026-06-14 12:10:25,ESP32-ROOM-001,信工学院楼B024,27.6,50.0,Normal,无异常
2026-06-14 12:10:30,ESP32-ROOM-001,信工学院楼B024,27.5,50.0,Normal,无异常
2026-06-14 12:10:35,ESP32-ROOM-001,信工学院楼B024,27.2,50.0,Normal,无异常
2026-06-14 12:10:40,ESP32-ROOM-001,信工学院楼B024,27.9,50.0,Normal,无异常
2026-06-14 12:10:45,ESP32-ROOM-001,信工学院楼B024,27.9,50.0,Normal,无异常
2026-06-14 12:10:50,ESP32-ROOM-001,信工学院楼B024,27.5,50.0,Normal,无异常
2026-06-14 12:10:55,ESP32-ROOM-001,信工学院楼B024,27.1,50.0,Normal,无异常
2026-06-14 12:11:00,ESP32-ROOM-001,信工学院楼B024,27.5,50.0,Normal,无异常
2026-06-14 12:11:05,ESP32-ROOM-001,信工学院楼B024,27.1,50.0,Normal,无异常
2026-06-14 12:11:10,ESP32-ROOM-001,信工学院楼B024,27.7,50.0,Normal,无异常
2026-06-14 12:11:15,ESP32-ROOM-001,信工学院楼B024,27.4,50.0,Normal,无异常
2026-06-14 12:11:20,ESP32-ROOM-001,信工学院楼B024,27.1,50.0,Normal,无异常
2026-06-14 12:11:25,ESP32-ROOM-001,信工学院楼B024,27.7,50.0,Normal,无异常
2026-06-14 12:11:30,ESP32-ROOM-001,信工学院楼B024,27.8,50.0,Normal,无异常
2026-06-14 12:11:35,ESP32-ROOM-001,信工学院楼B024,27.9,50.0,Normal,无异常
2026-06-14 12:11:40,ESP32-ROOM-001,信工学院楼B024,27.0,50.0,Normal,无异常
2026-06-14 12:11:45,ESP32-ROOM-001,信工学院楼B024,27.8,50.0,Normal,无异常
2026-06-14 12:11:50,ESP32-ROOM-001,信工学院楼B024,27.7,50.0,Normal,无异常
2026-06-14 12:11:55,ESP32-ROOM-001,信工学院楼B024,27.7,50.0,Normal,无异常
2026-06-14 12:12:00,ESP32-ROOM-001,信工学院楼B024,27.0,50.0,Normal,无异常
2026-06-14 12:12:05,ESP32-ROOM-001,信工学院楼B024,27.4,50.0,Normal,无异常
2026-06-14 12:12:10,ESP32-ROOM-001,信工学院楼B024,27.0,50.0,Normal,无异常
2026-06-14 12:12:15,ESP32-ROOM-001,信工学院楼B024,27.6,50.0,Normal,无异常
2026-06-14 12:12:20,ESP32-ROOM-001,信工学院楼B024,27.7,50.0,Normal,无异常
2026-06-14 12:12:25,ESP32-ROOM-001,信工学院楼B024,27.8,50.0,Normal,无异常
2026-06-14 12:12:30,ESP32-ROOM-001,信工学院楼B024,27.2,50.0,Normal,无异常
2026-06-14 12:12:35,ESP32-ROOM-001,信工学院楼B024,27.4,50.0,Normal,无异常
2026-06-14 12:12:40,ESP32-ROOM-001,信工学院楼B024,27.0,50.0,Normal,无异常
2026-06-14 12:12:45,ESP32-ROOM-001,信工学院楼B024,27.5,50.0,Normal,无异常
2026-06-14 12:12:50,ESP32-ROOM-001,信工学院楼B024,27.3,50.0,Normal,无异常
2026-06-14 12:12:55,ESP32-ROOM-001,信工学院楼B024,27.8,50.0,Normal,无异常
2026-06-14 12:13:00,ESP32-ROOM-001,信工学院楼B024,27.5,50.0,Normal,无异常
2026-06-14 12:13:05,ESP32-ROOM-001,信工学院楼B024,27.9,50.0,Normal,无异常
2026-06-14 12:13:10,ESP32-ROOM-001,信工学院楼B024,27.7,50.0,Normal,无异常
2026-06-14 12:13:15,ESP32-ROOM-001,信工学院楼B024,27.5,50.0,Normal,无异常
2026-06-14 12:13:20,ESP32-ROOM-001,信工学院楼B024,27.0,50.0,Normal,无异常
2026-06-14 12:13:25,ESP32-ROOM-001,信工学院楼B024,27.5,50.0,Normal,无异常
2026-06-14 12:13:30,ESP32-ROOM-001,信工学院楼B024,27.2,50.0,Normal,无异常
2026-06-14 12:13:35,ESP32-ROOM-001,信工学院楼B024,27.2,50.0,Normal,无异常
2026-06-14 12:13:40,ESP32-ROOM-001,信工学院楼B024,27.2,50.0,Normal,无异常
2026-06-14 12:13:45,ESP32-ROOM-001,信工学院楼B024,27.4,50.0,Normal,无异常
2026-06-14 12:13:50,ESP32-ROOM-001,信工学院楼B024,27.1,50.0,Normal,无异常
2026-06-14 12:13:55,ESP32-ROOM-001,信工学院楼B024,27.8,50.0,Normal,无异常
2026-06-14 12:14:00,ESP32-ROOM-001,信工学院楼B024,27.4,50.0,Normal,无异常
2026-06-14 12:14:05,ESP32-ROOM-001,信工学院楼B024,27.8,50.0,Normal,无异常
2026-06-14 12:14:10,ESP32-ROOM-001,信工学院楼B024,27.3,50.0,Normal,无异常
2026-06-14 12:14:15,ESP32-ROOM-001,信工学院楼B024,27.9,50.0,Normal,无异常
2026-06-14 12:14:20,ESP32-ROOM-001,信工学院楼B024,27.2,50.0,Normal,无异常
2026-06-14 12:14:25,ESP32-ROOM-001,信工学院楼B024,27.2,50.0,Normal,无异常
2026-06-14 12:14:30,ESP32-ROOM-001,信工学院楼B024,27.2,50.0,Normal,无异常
2026-06-14 12:14:35,ESP32-ROOM-001,信工学院楼B024,27.1,50.0,Normal,无异常
2026-06-14 12:14:40,ESP32-ROOM-001,信工学院楼B024,27.0,50.0,Normal,无异常
2026-06-14 12:14:45,ESP32-ROOM-001,信工学院楼B024,27.3,50.0,Normal,无异常
2026-06-14 12:14:50,ESP32-ROOM-001,信工学院楼B024,27.7,50.0,Normal,无异常
2026-06-14 12:14:55,ESP32-ROOM-001,信工学院楼B024,27.7,50.0,Normal,无异常
2026-06-14 12:15:00,ESP32-ROOM-001,信工学院楼B024,27.9,50.0,Normal,无异常
2026-06-14 12:15:05,ESP32-ROOM-001,信工学院楼B024,27.0,50.0,Normal,无异常
2026-06-14 12:15:10,ESP32-ROOM-001,信工学院楼B024,27.4,50.0,Normal,无异常
2026-06-14 12:15:15,ESP32-ROOM-001,信工学院楼B024,27.0,50.0,Normal,无异常
2026-06-14 12:15:20,ESP32-ROOM-001,信工学院楼B024,27.5,50.0,Normal,无异常
2026-06-14 12:15:25,ESP32-ROOM-001,信工学院楼B024,27.1,50.0,Normal,无异常
2026-06-14 12:15:30,ESP32-ROOM-001,信工学院楼B024,27.5,50.0,Normal,无异常
2026-06-14 12:15:35,ESP32-ROOM-001,信工学院楼B024,27.8,50.0,Normal,无异常
2026-06-14 12:15:40,ESP32-ROOM-001,信工学院楼B024,27.5,50.0,Normal,无异常
2026-06-14 12:15:45,ESP32-ROOM-001,信工学院楼B024,27.1,50.0,Normal,无异常
2026-06-14 12:15:50,ESP32-ROOM-001,信工学院楼B024,27.7,50.0,Normal,无异常
2026-06-14 12:15:55,ESP32-ROOM-001,信工学院楼B024,27.6,50.0,Normal,无异常
2026-06-14 12:16:01,ESP32-ROOM-001,信工学院楼B024,27.5,50.0,Normal,无异常
2026-06-14 12:16:05,ESP32-ROOM-001,信工学院楼B024,27.1,50.0,Normal,无异常
2026-06-14 12:16:10,ESP32-ROOM-001,信工学院楼B024,27.0,50.0,Normal,无异常
2026-06-14 12:16:15,ESP32-ROOM-001,信工学院楼B024,27.5,50.0,Normal,无异常
2026-06-14 12:16:20,ESP32-ROOM-001,信工学院楼B024,27.1,50.0,Normal,无异常
2026-06-14 12:16:25,ESP32-ROOM-001,信工学院楼B024,27.8,50.0,Normal,无异常
2026-06-14 12:16:30,ESP32-ROOM-001,信工学院楼B024,27.7,50.0,Normal,无异常
2026-06-14 12:16:35,ESP32-ROOM-001,信工学院楼B024,27.4,50.0,Normal,无异常
2026-06-14 12:16:40,ESP32-ROOM-001,信工学院楼B024,27.2,50.0,Normal,无异常
2026-06-14 12:16:45,ESP32-ROOM-001,信工学院楼B024,27.3,50.0,Normal,无异常
2026-06-14 12:16:50,ESP32-ROOM-001,信工学院楼B024,27.3,50.0,Normal,无异常
2026-06-14 12:16:55,ESP32-ROOM-001,信工学院楼B024,27.1,50.0,Normal,无异常
2026-06-14 12:17:00,ESP32-ROOM-001,信工学院楼B024,27.8,50.0,Normal,无异常
2026-06-14 12:17:05,ESP32-ROOM-001,信工学院楼B024,27.4,50.0,Normal,无异常
2026-06-14 12:17:10,ESP32-ROOM-001,信工学院楼B024,27.9,50.0,Normal,无异常
2026-06-14 12:17:15,ESP32-ROOM-001,信工学院楼B024,27.0,50.0,Normal,无异常
2026-06-14 12:17:20,ESP32-ROOM-001,信工学院楼B024,27.2,50.0,Normal,无异常
2026-06-14 12:17:25,ESP32-ROOM-001,信工学院楼B024,27.1,50.0,Normal,无异常
2026-06-14 12:17:30,ESP32-ROOM-001,信工学院楼B024,27.1,50.0,Normal,无异常
2026-06-14 12:17:35,ESP32-ROOM-001,信工学院楼B024,27.1,49.0,Normal,无异常
2026-06-14 12:17:40,ESP32-ROOM-001,信工学院楼B024,27.3,49.0,Normal,无异常
2026-06-14 12:17:45,ESP32-ROOM-001,信工学院楼B024,27.0,49.0,Normal,无异常
2026-06-14 12:17:50,ESP32-ROOM-001,信工学院楼B024,27.6,49.0,Normal,无异常
2026-06-14 12:17:55,ESP32-ROOM-001,信工学院楼B024,27.8,49.0,Normal,无异常
2026-06-14 12:18:00,ESP32-ROOM-001,信工学院楼B024,27.7,49.0,Normal,无异常
2026-06-14 12:18:05,ESP32-ROOM-001,信工学院楼B024,27.6,49.0,Normal,无异常
2026-06-14 12:18:10,ESP32-ROOM-001,信工学院楼B024,27.8,49.0,Normal,无异常
2026-06-14 12:18:15,ESP32-ROOM-001,信工学院楼B024,27.2,49.0,Normal,无异常
2026-06-14 12:18:20,ESP32-ROOM-001,信工学院楼B024,27.3,50.0,Normal,无异常
2026-06-14 12:24:09,ESP32-ROOM-001,信工学院楼B024,0.5,0.0,Normal,无异常
2026-06-14 12:24:14,ESP32-ROOM-001,信工学院楼B024,28.2,48.0,Normal,无异常
2026-06-14 12:24:19,ESP32-ROOM-001,信工学院楼B024,27.6,48.0,Normal,无异常
2026-06-14 12:24:24,ESP32-ROOM-001,信工学院楼B024,28.4,48.0,Normal,无异常
2026-06-14 12:24:29,ESP32-ROOM-001,信工学院楼B024,28.3,48.0,Normal,无异常
2026-06-14 12:24:34,ESP32-ROOM-001,信工学院楼B024,28.2,48.0,Normal,无异常
2026-06-14 12:24:39,ESP32-ROOM-001,信工学院楼B024,28.7,48.0,Normal,无异常
2026-06-14 12:24:44,ESP32-ROOM-001,信工学院楼B024,28.2,48.0,Normal,无异常
2026-06-14 12:24:49,ESP32-ROOM-001,信工学院楼B024,28.6,48.0,Normal,无异常
2026-06-14 12:24:54,ESP32-ROOM-001,信工学院楼B024,28.9,47.0,Normal,无异常
2026-06-14 12:24:59,ESP32-ROOM-001,信工学院楼B024,28.3,48.0,Normal,无异常
2026-06-14 12:25:04,ESP32-ROOM-001,信工学院楼B024,28.3,47.0,Normal,无异常
2026-06-14 12:25:09,ESP32-ROOM-001,信工学院楼B024,28.7,47.0,Normal,无异常
2026-06-14 12:25:14,ESP32-ROOM-001,信工学院楼B024,28.4,47.0,Normal,无异常
2026-06-14 12:25:19,ESP32-ROOM-001,信工学院楼B024,28.2,47.0,Normal,无异常
2026-06-14 12:25:24,ESP32-ROOM-001,信工学院楼B024,28.6,47.0,Normal,无异常
2026-06-14 12:25:29,ESP32-ROOM-001,信工学院楼B024,28.0,47.0,Normal,无异常
2026-06-14 12:25:34,ESP32-ROOM-001,信工学院楼B024,28.7,47.0,Normal,无异常
2026-06-14 12:25:39,ESP32-ROOM-001,信工学院楼B024,28.9,47.0,Normal,无异常
2026-06-14 12:25:44,ESP32-ROOM-001,信工学院楼B024,28.8,47.0,Normal,无异常
2026-06-14 12:25:49,ESP32-ROOM-001,信工学院楼B024,28.2,47.0,Normal,无异常
2026-06-14 12:25:54,ESP32-ROOM-001,信工学院楼B024,28.5,48.0,Normal,无异常
2026-06-14 12:25:59,ESP32-ROOM-001,信工学院楼B024,28.9,47.0,Normal,无异常
2026-06-14 12:26:04,ESP32-ROOM-001,信工学院楼B024,28.4,47.0,Normal,无异常
2026-06-14 12:38:22,ESP32-ROOM-001,信工学院楼B024,28.2,47.0,Normal,无异常
2026-06-14 12:38:27,ESP32-ROOM-001,信工学院楼B024,28.1,48.0,Normal,无异常
2026-06-14 12:38:32,ESP32-ROOM-001,信工学院楼B024,28.5,47.0,Normal,无异常
2026-06-14 12:38:37,ESP32-ROOM-001,信工学院楼B024,28.4,47.0,Normal,无异常
2026-06-14 12:38:42,ESP32-ROOM-001,信工学院楼B024,28.8,47.0,Normal,无异常
2026-06-14 12:38:47,ESP32-ROOM-001,信工学院楼B024,28.0,47.0,Normal,无异常
2026-06-14 12:38:52,ESP32-ROOM-001,信工学院楼B024,28.2,47.0,Normal,无异常
2026-06-14 12:38:57,ESP32-ROOM-001,信工学院楼B024,28.7,47.0,Normal,无异常
2026-06-14 12:39:02,ESP32-ROOM-001,信工学院楼B024,28.4,47.0,Normal,无异常
2026-06-14 12:39:07,ESP32-ROOM-001,信工学院楼B024,28.5,47.0,Normal,无异常
2026-06-14 12:39:12,ESP32-ROOM-001,信工学院楼B024,28.8,47.0,Normal,无异常
2026-06-14 12:39:17,ESP32-ROOM-001,信工学院楼B024,28.1,47.0,Normal,无异常
2026-06-14 12:39:22,ESP32-ROOM-001,信工学院楼B024,28.6,47.0,Normal,无异常
2026-06-14 12:39:27,ESP32-ROOM-001,信工学院楼B024,28.7,47.0,Normal,无异常
2026-06-14 12:39:32,ESP32-ROOM-001,信工学院楼B024,28.8,47.0,Normal,无异常
2026-06-14 12:39:37,ESP32-ROOM-001,信工学院楼B024,28.9,48.0,Normal,无异常
2026-06-14 12:39:42,ESP32-ROOM-001,信工学院楼B024,28.6,48.0,Normal,无异常
2026-06-14 12:39:47,ESP32-ROOM-001,信工学院楼B024,28.2,47.0,Normal,无异常
2026-06-14 12:39:52,ESP32-ROOM-001,信工学院楼B024,28.6,47.0,Normal,无异常
2026-06-14 12:39:57,ESP32-ROOM-001,信工学院楼B024,28.5,47.0,Normal,无异常
2026-06-14 12:40:02,ESP32-ROOM-001,信工学院楼B024,28.4,47.0,Normal,无异常
2026-06-14 12:40:07,ESP32-ROOM-001,信工学院楼B024,28.6,47.0,Normal,无异常
2026-06-14 12:40:12,ESP32-ROOM-001,信工学院楼B024,28.3,47.0,Normal,无异常
2026-06-14 12:40:17,ESP32-ROOM-001,信工学院楼B024,28.3,47.0,Normal,无异常
2026-06-14 12:40:22,ESP32-ROOM-001,信工学院楼B024,28.0,47.0,Normal,无异常
2026-06-14 12:40:27,ESP32-ROOM-001,信工学院楼B024,28.6,47.0,Normal,无异常
2026-06-14 12:40:32,ESP32-ROOM-001,信工学院楼B024,28.8,47.0,Normal,无异常
2026-06-14 12:40:37,ESP32-ROOM-001,信工学院楼B024,28.1,47.0,Normal,无异常
2026-06-14 12:40:42,ESP32-ROOM-001,信工学院楼B024,28.1,47.0,Normal,无异常
2026-06-14 12:41:38,ESP32-ROOM-002,信工学院楼B205,0.8,0.0,Normal,无异常
2026-06-14 12:41:45,ESP32-ROOM-002,信工学院楼B205,29.1,48.0,Normal,无异常
2026-06-14 12:41:50,ESP32-ROOM-002,信工学院楼B205,29.9,48.0,Normal,无异常
2026-06-14 12:41:55,ESP32-ROOM-002,信工学院楼B205,29.0,48.0,Normal,无异常
2026-06-14 12:42:00,ESP32-ROOM-002,信工学院楼B205,29.4,48.0,Normal,无异常
2026-06-14 12:42:03,ESP32-ROOM-001,信工学院楼B024,0.5,0.0,Normal,无异常
2026-06-14 12:42:05,ESP32-ROOM-002,信工学院楼B205,29.0,48.0,Normal,无异常
2026-06-14 12:42:08,ESP32-ROOM-001,信工学院楼B024,28.4,47.0,Normal,无异常
2026-06-14 12:42:10,ESP32-ROOM-002,信工学院楼B205,29.5,48.0,Normal,无异常
2026-06-14 12:42:13,ESP32-ROOM-001,信工学院楼B024,28.2,47.0,Normal,无异常
2026-06-14 12:42:15,ESP32-ROOM-002,信工学院楼B205,29.5,48.0,Normal,无异常
2026-06-14 12:42:20,ESP32-ROOM-002,信工学院楼B205,29.2,48.0,Normal,无异常
